path,sha256,size_bytes,config,embedded_test_auc,epochs,best_epoch,seed,n_params,identical_to
Physics_Informed_FireRisk_Model\CDR_PINN_Data\cdr_pinn_cdr_20yr_2001_2020_subset.pt,83d9844e42fce429039c16c0e91ee3080fec67c527f73fccc924ab7f23575204,8428229,cdr_20yr_2001_2020_subset,0.9404090759888397,75,,,1054613,
Physics_Informed_FireRisk_Model\CDR_PINN_Data\cdr_pinn_diffusion_advection.pt,e29328ca1b5319b42c5ea23db4bf96b5058250b936a3102f8079609c3d122ef5,8432801,diffusion_advection,0.9238729395648774,80,,,1054613,
Physics_Informed_FireRisk_Model\CDR_PINN_Data\cdr_pinn_diffusion_only.pt,1be672d3ebd6eae24b619f2368d79899c109997f9da35df32f2f50051c6f3c8a,8432547,diffusion_only,0.6016696712996169,80,,,1054613,
Physics_Informed_FireRisk_Model\CDR_PINN_Data\cdr_pinn_full_cdr.pt,9e4cfd45ddd05ae5d8c2b9000226d909def819bdcc61e77239064443455bfcc1,8427691,full_cdr_standard_protocol,0.9398118308230109,65,,,1054613,Physics_Informed_FireRisk_Model\CDR_PINN_Data\cdr_pinn_full_cdr.pt; Physics_Informed_FireRisk_Model\CDR_PINN_Data\cdr_pinn_full_cdr_standard_protocol.pt
Physics_Informed_FireRisk_Model\CDR_PINN_Data\cdr_pinn_full_cdr_22yr_paired_with_20yr_ablation.pt,67b37a7cf120db68e0d9da56e1347749a240a5943a3fa96e7cdf25c9a810c321,8428441,full_cdr_22yr_paired_with_20yr_ablation,0.9398118308230109,65,,,1054613,
Physics_Informed_FireRisk_Model\CDR_PINN_Data\cdr_pinn_full_cdr_standard_protocol.pt,9e4cfd45ddd05ae5d8c2b9000226d909def819bdcc61e77239064443455bfcc1,8427691,full_cdr_standard_protocol,0.9398118308230109,65,,,1054613,Physics_Informed_FireRisk_Model\CDR_PINN_Data\cdr_pinn_full_cdr.pt; Physics_Informed_FireRisk_Model\CDR_PINN_Data\cdr_pinn_full_cdr_standard_protocol.pt
results\cdr_pino\reproduction\cdr_pinn_full_cdr_standard_protocol.pt,0029419d014e8c8dce245c08f48557886255141717a323f7a01249c7158bc2c5,8427819,full_cdr_standard_protocol,0.9398118308230109,65,,,1054613,
results\cdr_pino\unified\ckpt_A_diff_s42.pt,3e368f8ba1e1e75e5ea7ebf47df5c9029d5759910fbf93d7b85124057046719f,8425395,diff,0.9263695310834125,25,5.0,42.0,1054613,
results\cdr_pino\unified\ckpt_A_diff_s43.pt,53c0a13a17d0a2ee51a39dacd38f3fdbc6ab533297c75bc012384e2a7215bad5,8425395,diff,0.9273204933736534,25,5.0,43.0,1054613,
results\cdr_pino\unified\ckpt_A_diff_s44.pt,25238ac9a49b99f55553a0994cc84c6c2e7102b10338f857b90376c58d5c8dbc,8425395,diff,0.9189819302020535,25,5.0,44.0,1054613,
results\cdr_pino\unified\ckpt_A_diffadv_s42.pt,c7116def62f26b2d43d8d54f11b663f41fd424cff9918e862358d197f34b3944,8425573,diffadv,0.9387997864449055,50,30.0,42.0,1054613,
results\cdr_pino\unified\ckpt_A_diffadv_s43.pt,12ff0c5f6ff2d8c5069d249e5ee565010796635ecccf01afc89c50bfcf6cc0a5,8425573,diffadv,0.9409247363676895,60,40.0,43.0,1054613,
results\cdr_pino\unified\ckpt_A_diffadv_s44.pt,9e8868c14f51d0c672f9996d9b5c5a9250f88ed4c5b8098e8c16d5bbb2ae24b3,8425573,diffadv,0.9386237084924495,75,55.0,44.0,1054613,
results\cdr_pino\unified\ckpt_A_full_s42.pt,9cba47d185ee25ae3d290ee98d62ee7cd73be4227eed4e97aa106bb6b15bb781,8425395,full,0.9398620090009758,50,30.0,42.0,1054613,
results\cdr_pino\unified\ckpt_A_full_s43.pt,42715422fbb9b23d9051fd4633be9791f87d4a31bfc7ee54bcadff16f2cbf37e,8425395,full,0.9394822904349286,55,35.0,43.0,1054613,
results\cdr_pino\unified\ckpt_A_full_s44.pt,3c6d3e43dc4864527b068cc3e5ce375145d681109deffce22f1c49b9292d394e,8425395,full,0.9369366313218446,75,55.0,44.0,1054613,
results\cdr_pino\unified\ckpt_A_nophys_s42.pt,87db18a70181ba917623076cf627befa783b6567052c7a9dd69fdac5f7ceb2c8,8425535,nophys,0.9447639222736994,60,40.0,42.0,1054613,
results\cdr_pino\unified\ckpt_A_nophys_s43.pt,0c8177c5cbe4df972c06fe277dba6578dd8c5028bd96737322730d4c1199d078,8425535,nophys,0.9468782711729699,60,40.0,43.0,1054613,
results\cdr_pino\unified\ckpt_A_nophys_s44.pt,cc7e37a93c42aced14d143bc11de86af8ddd77b753933bcf1938e7e13e74a06f,8425535,nophys,0.9433378322057883,55,35.0,44.0,1054613,
results\cdr_pino\unified\ckpt_B1_f0_diff_s42.pt,756b65dd0af6eadb316562dc2c1e408ad0d2903bf5c4b108b7f250a809933b81,8425611,diff,0.7346086352143033,25,5.0,42.0,1054613,
results\cdr_pino\unified\ckpt_B1_f0_diff_s43.pt,5bd2ee596fafa04189a865d68120a903a3711b70777fff5b8911e43187590fa7,8425611,diff,0.6716134976538539,25,5.0,43.0,1054613,
results\cdr_pino\unified\ckpt_B1_f0_diff_s44.pt,b616ab32d5935e979cd9e25d0059bb49a1ae3b7744846caa14c9688eb1bd5bdf,8425611,diff,0.6839930753274834,25,5.0,44.0,1054613,
results\cdr_pino\unified\ckpt_B1_f0_diffadv_s42.pt,7c722534a3d1fc6ee0dbd0b003b1408ff6dde7e0d048a3c17abbd1795574fab0,8425789,diffadv,0.7303179947984698,80,65.0,42.0,1054613,
results\cdr_pino\unified\ckpt_B1_f0_diffadv_s43.pt,647ae625473f8d93e42e17e91c48cf3abcd5cfab5b76d5d27b4d71a1464a9377,8425789,diffadv,0.749396679479879,80,60.0,43.0,1054613,
results\cdr_pino\unified\ckpt_B1_f0_diffadv_s44.pt,51e951eba5c718cf0bf46fc0b269036de12c4c094f5949f858257341bd144c1b,8425789,diffadv,0.7649703305712494,75,55.0,44.0,1054613,
results\cdr_pino\unified\ckpt_B1_f0_full_s42.pt,8a69eaa935160daa17aba9eeadb8c8739b7a2e65881ad9174fa76b89de551eeb,8425611,full,0.7013872218603918,80,70.0,42.0,1054613,
results\cdr_pino\unified\ckpt_B1_f0_full_s43.pt,39a7cce130193a8950b4d9b5d17520412fa0fbb1e2eb862a8308ec513afeee0a,8425611,full,0.7372034210835732,70,50.0,43.0,1054613,
results\cdr_pino\unified\ckpt_B1_f0_full_s44.pt,fb81618af577f2ed39e7263a78fb49a640cdb0d0db9a67343b88b3e945062234,8425611,full,0.7295571877386425,55,35.0,44.0,1054613,
results\cdr_pino\unified\ckpt_B1_f0_nophys_s42.pt,1cdeb5cfd5b13121e06eda5539c296c61764f0579fed747e0f8771fdc039c0d5,8425687,nophys,0.7258430816879411,40,20.0,42.0,1054613,
results\cdr_pino\unified\ckpt_B1_f0_nophys_s43.pt,66bcc39dcd593a1f94b89b261f736de8c0a3004890b640d3c7e159a49f6eb341,8425687,nophys,0.7242279668325201,30,10.0,43.0,1054613,
results\cdr_pino\unified\ckpt_B1_f0_nophys_s44.pt,ec416446a8ee9eb79466c4b54a46300d12adedd8efee5c98866e3d569ab65413,8425687,nophys,0.7107810762536624,35,15.0,44.0,1054613,
results\cdr_pino\unified\ckpt_B1_f1_diff_s42.pt,6afd50b7e0ae1b14c5b4e43a1e51b128c2675dc3e445f01a7c3489a79c881baf,8425611,diff,0.6569256937296765,25,5.0,42.0,1054613,
results\cdr_pino\unified\ckpt_B1_f1_diff_s43.pt,e8fe986496f5d5be477bd369b06d447464c24934a19cc929d14883eb91b57678,8425611,diff,0.6835720800982708,25,5.0,43.0,1054613,
results\cdr_pino\unified\ckpt_B1_f1_diff_s44.pt,8d8572dbe1e87a10ccbfcb97a90506c0c30ed98b21bff04f5f2df39929ef0b37,8425611,diff,0.6505564698079533,25,5.0,44.0,1054613,
results\cdr_pino\unified\ckpt_B1_f1_diffadv_s42.pt,5c3acd5e779ec2951b87c00706a85c213cc95603705ca051971f422535f2dd56,8425789,diffadv,0.7275818032213245,40,20.0,42.0,1054613,
results\cdr_pino\unified\ckpt_B1_f1_diffadv_s43.pt,49a7220140499b35dffa775b29a46c8ae73bd4206d664f34b45fe22d5ef4fd03,8425789,diffadv,0.7534839116793141,80,70.0,43.0,1054613,
results\cdr_pino\unified\ckpt_B1_f1_diffadv_s44.pt,1c9ab530c54d105ca65f062e965b003824c6cdda35192a202379b00a51b9aeae,8425789,diffadv,0.7224199537049916,35,15.0,44.0,1054613,
results\cdr_pino\unified\ckpt_B1_f1_full_s42.pt,cc9aa0447294ccf459e7101948b5c94e6c5b7310cab7145cd8868a4734f562e5,8425611,full,0.7237345738209194,55,35.0,42.0,1054613,
results\cdr_pino\unified\ckpt_B1_f1_full_s43.pt,16eeb80e629e28c75d1820f2fa05aaa95d7a8fdabe8de1e5d956068499680bf8,8425611,full,0.7202455743758154,30,10.0,43.0,1054613,
results\cdr_pino\unified\ckpt_B1_f1_full_s44.pt,cf582b75b79cd9dd153e72edaff63ad8a6d9ae3c9db3c3c7bec97f611bc7b047,8425611,full,0.7367348402880773,60,40.0,44.0,1054613,
results\cdr_pino\unified\ckpt_B1_f1_nophys_s42.pt,12cb4b93a79cb1f4391f43899f2691e71aeccf9771f61eef6f938f3c38bce1b4,8425687,nophys,0.7186188802230125,25,5.0,42.0,1054613,
results\cdr_pino\unified\ckpt_B1_f1_nophys_s43.pt,e85b0b72ef3237b605d7b136ce2a6cec2d54c7b26cca04fd4b530b3eb58de67e,8425687,nophys,0.7296638341110172,25,5.0,43.0,1054613,
results\cdr_pino\unified\ckpt_B1_f1_nophys_s44.pt,1b71e0aaf6a560ab396c99c827ced0c8e32a886876e28071742f24e3f1517de7,8425687,nophys,0.7267130031580751,25,5.0,44.0,1054613,
results\cdr_pino\unified\ckpt_B1_f2_diff_s42.pt,587926fe5f862551d8e54e380603cccc3b826032bb93c8917beee8f789a16db0,8425611,diff,0.5704122717975306,55,35.0,42.0,1054613,
results\cdr_pino\unified\ckpt_B1_f2_diff_s43.pt,7b4ea112d0bae83d892d05b333955a7beb23136bcb8ed325e6a8efb7e2397ed3,8425611,diff,0.5757936808642506,40,20.0,43.0,1054613,
results\cdr_pino\unified\ckpt_B1_f2_diff_s44.pt,6c3d36ab4fbe0d229a86cf14705dcaede7e7e3a7caccdcf936223af66526d2b0,8425611,diff,0.5515615886760685,30,10.0,44.0,1054613,
results\cdr_pino\unified\ckpt_B1_f2_diffadv_s42.pt,bcedd61939ee2416fb21abec73cabaf6217a04b78a9a5a8620d4f2743da7b12f,8425789,diffadv,0.726910284803646,80,70.0,42.0,1054613,
results\cdr_pino\unified\ckpt_B1_f2_diffadv_s43.pt,e8a2d7097e58d568cb615caebb52a470f92e31de5c0fb21f237f560c64f4f4e1,8425789,diffadv,0.6777430854796249,80,80.0,43.0,1054613,
results\cdr_pino\unified\ckpt_B1_f2_diffadv_s44.pt,1e85ecfe6a214e45794ff96218e680a4db0f565df90ee65396fa0b76ef8100ef,8425789,diffadv,0.715716881163823,60,40.0,44.0,1054613,
results\cdr_pino\unified\ckpt_B1_f2_full_s42.pt,e76a6056b5d460f19d0c085fa20080de993009cee04af24a4e00fbcb38c2923e,8425611,full,0.7132347977878557,70,50.0,42.0,1054613,
results\cdr_pino\unified\ckpt_B1_f2_full_s43.pt,0229b6dc7e5c66a43e3e7e447c5cd3662e65876c6e42c812034642b1ceeab9ca,8425611,full,0.6908492392026109,40,20.0,43.0,1054613,
results\cdr_pino\unified\ckpt_B1_f2_full_s44.pt,5419a997ab3feb332b307cfce564e6eb86f78f29eebd21f3937929710d76af0c,8425611,full,0.7132851023337171,65,45.0,44.0,1054613,
results\cdr_pino\unified\ckpt_B1_f2_nophys_s42.pt,12fffd9d06713e9323f31f01e2a902134b49bfa12b49a8333cda9d50c3d4cb66,8425687,nophys,0.7373280351586677,80,80.0,42.0,1054613,
results\cdr_pino\unified\ckpt_B1_f2_nophys_s43.pt,981730e6defa98c06aa65e9698f27e48f5653f97dec6283d35e14c9e72866a1f,8425687,nophys,0.7403983963053488,80,80.0,43.0,1054613,
results\cdr_pino\unified\ckpt_B1_f2_nophys_s44.pt,cb344a202b9261b9685575589e3b1f8b8576d58220d900422a207a079558bcdc,8425687,nophys,0.6982794703651997,80,80.0,44.0,1054613,
results\cdr_pino\unified\ckpt_B2_r0_full_s42.pt,691a21258553f16afc6eccda1be121d2b4fa552c0813b4f63e69d8d3b72c673c,8425611,full,0.47152854585371845,30,10.0,42.0,1054613,
results\cdr_pino\unified\ckpt_B2_r0_full_s43.pt,8d51e38e256bc9c03eadca2c3fbfdbcd5b254d1eba998bf979832143af7d0330,8425611,full,0.4663235650680723,45,25.0,43.0,1054613,
results\cdr_pino\unified\ckpt_B2_r0_full_s44.pt,63602cd396796c1ff371eb65af1c497edc6fee2dccf3ef8119a48eed03c9e0ac,8425611,full,0.37852326813406534,80,80.0,44.0,1054613,
results\cdr_pino\unified\ckpt_B2_r0_nophys_s42.pt,eaa61b1f8916de681f8b260ad498ceb16ac10e8731f7adbad7cc302f08b4f056,8425687,nophys,0.5071234268974383,25,5.0,42.0,1054613,
results\cdr_pino\unified\ckpt_B2_r0_nophys_s43.pt,9b3fd8dce9fbeefa8c983c3b39e76e638ef3061e69a637be7bab88362d47076f,8425687,nophys,0.5617408503472534,25,5.0,43.0,1054613,
results\cdr_pino\unified\ckpt_B2_r0_nophys_s44.pt,d462ea73075d866745b1f000a9a641858668962adf05b212f59892c917bb9a88,8425687,nophys,0.48814157175739104,25,5.0,44.0,1054613,
results\cdr_pino\unified\ckpt_B2_r1_full_s42.pt,a44bff142a44ac4baa29a5b4dccab1a4654b040335468795c58fb0327a953e30,8425611,full,0.6021674651334398,80,60.0,42.0,1054613,
results\cdr_pino\unified\ckpt_B2_r1_full_s43.pt,f602bba24eb89317189bb7f903970366accfd30291f7ec781bcf371a1b229bab,8425611,full,0.634587563766629,45,25.0,43.0,1054613,
results\cdr_pino\unified\ckpt_B2_r1_full_s44.pt,4b2f1dbfc51c9caf915740856f510c81d1e8a408733a52921d7626192c645aec,8425611,full,0.6253942846532712,45,25.0,44.0,1054613,
results\cdr_pino\unified\ckpt_B2_r1_nophys_s42.pt,19b06152404775424bb0c8f9154c0f14d3bd801c085e035e0a3edaf49190eed8,8425687,nophys,0.6171698101127031,50,30.0,42.0,1054613,
results\cdr_pino\unified\ckpt_B2_r1_nophys_s43.pt,7a0f98d08b8f31fcdfb253da78ed6d701e3aaea10ba83117476fc0c4d9c3a49b,8425687,nophys,0.6289326422714125,25,5.0,43.0,1054613,
results\cdr_pino\unified\ckpt_B2_r1_nophys_s44.pt,b2b538f5ad01f7234d49ec8a8e64f81e344eb4504ce6b66f5329992c563ee57d,8425687,nophys,0.5725839110412508,25,5.0,44.0,1054613,
results\cdr_pino\unified\ckpt_B2_r2_full_s42.pt,0766bfa59967ce97bfd9e45c2f7b3526edb2e37579468f1a724877d662254b8c,8425611,full,0.42960477136895214,40,20.0,42.0,1054613,
results\cdr_pino\unified\ckpt_B2_r2_full_s43.pt,f3cb33d4c302aaed4aaefb421b16a9156185fc1925425269e27392626b9516ef,8425611,full,0.4348595478748844,75,55.0,43.0,1054613,
results\cdr_pino\unified\ckpt_B2_r2_full_s44.pt,92906f54223b5dfe22d641af2c6f4664c16951be2457c8c1836add59f7afa757,8425611,full,0.4777518566936033,40,20.0,44.0,1054613,
results\cdr_pino\unified\ckpt_B2_r2_nophys_s42.pt,d3d8f2a59492f50a8c85cc576f9fc6c99b71e8434bd8c4faa8c0108bffc7bd4b,8425687,nophys,0.4904056561104675,30,10.0,42.0,1054613,
results\cdr_pino\unified\ckpt_B2_r2_nophys_s43.pt,e5526449a4b257148895abbf9c36bcc2b1cb5a125c9c3364067900ecf9d4c126,8425687,nophys,0.4475216136967245,30,10.0,43.0,1054613,
results\cdr_pino\unified\ckpt_B2_r2_nophys_s44.pt,81d6d059bd839e36a14f1aca7f23817a71d64277c70a4a1d57f32c8eaae74a46,8425687,nophys,0.4362423993358534,30,10.0,44.0,1054613,
results\cdr_pino\unified\ckpt_B2_r3_full_s42.pt,d6afc0aabbd3bfe4bf2dc4bdd3961368bb354783732dd1804df208bce9fe37af,8425611,full,0.7323907615480649,30,10.0,42.0,1054613,
results\cdr_pino\unified\ckpt_B2_r3_full_s43.pt,0ca1146822c5940d4d89ce85dd74ff286e609a15f9263d28b28d10f90312cb0f,8425611,full,0.7466916354556803,40,20.0,43.0,1054613,
results\cdr_pino\unified\ckpt_B2_r3_full_s44.pt,eb75529482559014cbe9811fed910adc936aa7e2e811c3498d895968e434c67c,8425611,full,0.7463342696629214,45,25.0,44.0,1054613,
results\cdr_pino\unified\ckpt_B2_r3_nophys_s42.pt,4a09284205846e3f017c99ff6a09577c959dacc67ca3ab68252c134b39701ec1,8425687,nophys,0.8007798845193509,55,35.0,42.0,1054613,
results\cdr_pino\unified\ckpt_B2_r3_nophys_s43.pt,0a80614632944de7ac7255341445a6a238afae9eb2cb8230587d6fb1c8ae19f2,8425687,nophys,0.7718250624219726,25,5.0,43.0,1054613,
results\cdr_pino\unified\ckpt_B2_r3_nophys_s44.pt,7136239f1553f7123efd0fe57b4ce0514dd82913314093f582d941b0884db530,8425687,nophys,0.7407131710362047,25,5.0,44.0,1054613,
results\cdr_pino\unified\ckpt_B2_r4_full_s42.pt,efd9934446e62ec56e50646b66d29e9840d6d1a30842b9a3ce59d8bb7930c291,8425611,full,0.6299057299961732,55,35.0,42.0,1054613,
results\cdr_pino\unified\ckpt_B2_r4_full_s43.pt,0e98cef38a647ffa965ea84322f1dc3a7fc513d91d212e93ee33933e4d1fc78c,8425611,full,0.5839521060604369,60,40.0,43.0,1054613,
results\cdr_pino\unified\ckpt_B2_r4_full_s44.pt,5f5237020ac1b9117ee70e9a9ffd65c3d406764defa0cd719f68d819f113d297,8425611,full,0.5838495834978601,70,50.0,44.0,1054613,
results\cdr_pino\unified\ckpt_B2_r4_nophys_s42.pt,1da6da3fc027b084163f4502b5dc88f256f1dafe24c359dee3e52e0beade1551,8425687,nophys,0.7624311990707328,30,10.0,42.0,1054613,
results\cdr_pino\unified\ckpt_B2_r4_nophys_s43.pt,120dd978044cc858f5227c01ed78db6cb0742df711a23345dcc36896284c1256,8425687,nophys,0.8063839412447593,25,5.0,43.0,1054613,
results\cdr_pino\unified\ckpt_B2_r4_nophys_s44.pt,36d4e4e2c313ce71f817ec5df4d9bf3864fdbdbba05ffa513cb7519262adcdb8,8425687,nophys,0.7789929915846909,50,30.0,44.0,1054613,
results\cdr_pino\unified\ckpt_B2_r5_full_s42.pt,8efab97d763bf8014f6f03b33a852526634bbd2d33208ab22ac91fdfce968831,8425611,full,0.5931209728227769,30,10.0,42.0,1054613,
results\cdr_pino\unified\ckpt_B2_r5_full_s43.pt,e7235bc31ace09fef5829ee6cbffc9471b5859fd519c6ee1f1020380ae927c93,8425611,full,0.5618892345029738,45,25.0,43.0,1054613,
results\cdr_pino\unified\ckpt_B2_r5_full_s44.pt,ebb744bd4b7b853226c295189f57edc97a5bb7ab1146a6d602906ac5ae5f523e,8425611,full,0.5626413042085858,45,25.0,44.0,1054613,
results\cdr_pino\unified\ckpt_B2_r5_nophys_s42.pt,660af7f0843675439d80ff4688a09fa7b6cf12a5d6f3cbd93140179a60bf9ab2,8425687,nophys,0.5485830275405643,30,10.0,42.0,1054613,
results\cdr_pino\unified\ckpt_B2_r5_nophys_s43.pt,9d88f748e2318faa2d5a783da0f0f04eb1e460eb89ef3b81b33f2acd4e09f376,8425687,nophys,0.5703929325478021,80,80.0,43.0,1054613,
results\cdr_pino\unified\ckpt_B2_r5_nophys_s44.pt,77c29de13e6986ebbbbca5e7b53f6248d4aa8ccc0a24ffa1ccecbe8856af7dc6,8425687,nophys,0.5287477422187338,40,20.0,44.0,1054613,
results\cdr_pino\unified\ckpt_B3_diff_s42.pt,52aff9156940953a5eaca9b6afd0e798beb3182fdb8347c9e97f89bf2c0a5333,8425433,diff,0.8854173707622436,30,10.0,42.0,1054613,
results\cdr_pino\unified\ckpt_B3_diff_s43.pt,22118deb8a0b3e789dd98cda233c0a2192b44470c617bec31536dec17c286cdf,8425433,diff,0.891989736932197,65,45.0,43.0,1054613,
results\cdr_pino\unified\ckpt_B3_diff_s44.pt,d216db7c5b4c1c837d4d6b6f0f4d9eb87a90345154dcec2ccdb5e1f20bd26c80,8425433,diff,0.879161716048418,25,5.0,44.0,1054613,
results\cdr_pino\unified\ckpt_B3_diffadv_s42.pt,f63a11cd5f29e19c0a1bf0c18ae26cf662ba92bc9045e00c2f0d8b2aec52afe5,8425611,diffadv,0.8946137717790394,80,65.0,42.0,1054613,
results\cdr_pino\unified\ckpt_B3_diffadv_s43.pt,1b1e2c9828eefb400c61a9fa41b9c0e81421884c33d0b49baeb8ba4a8339af79,8425611,diffadv,0.8948200342275061,80,70.0,43.0,1054613,
results\cdr_pino\unified\ckpt_B3_diffadv_s44.pt,6604a710a00a53e4c0c05da2cf3a4b5e01359370465bef9b9fafb3c60b225fea,8425611,diffadv,0.8929415890987706,80,75.0,44.0,1054613,
results\cdr_pino\unified\ckpt_B3_full_s42.pt,4de393a4266626876cf42a6c3b4146206f33e51ca2cdb81cfe5eafec8dbd6e22,8425433,full,0.8952036319473488,80,65.0,42.0,1054613,
results\cdr_pino\unified\ckpt_B3_full_s43.pt,5f6afa9c6da4bc365348af99612157c2c60d816b3c4426d7039b45580095fdb6,8425433,full,0.8952581081824844,80,70.0,43.0,1054613,
results\cdr_pino\unified\ckpt_B3_full_s44.pt,0af7aa83e95b60511dcef3e62dca199f9a79914b40ee13ca4954c035412f4af1,8425433,full,0.8898373466601512,80,65.0,44.0,1054613,
results\cdr_pino\unified\ckpt_B3_nophys_s42.pt,d5e6b66fd2ea9df3f39bd91d92066b6f3a00929a9aa53d0317a199248648c7bd,8425573,nophys,0.905093377741632,80,80.0,42.0,1054613,
results\cdr_pino\unified\ckpt_B3_nophys_s43.pt,ef352efb0ffa8268254555fae3343531a6f4a1a3e5f9ed9ab4f36c9233eaeeee,8425573,nophys,0.904303314574322,80,75.0,43.0,1054613,
results\cdr_pino\unified\ckpt_B3_nophys_s44.pt,f36b96ebc3adb513e8651c965df23cfab242c6562f3e98f19ec7f4086cf5f61f,8425573,nophys,0.903668966325184,80,80.0,44.0,1054613,
results\cdr_pino\unified\ckpt_B3orig_full_s42.pt,ff9fa2c3f327d42642959648fd0e2497cbdb64a5e870d219d278fbc443264f28,8425649,full,0.8968202251980062,80,60.0,42.0,1054613,
results\cdr_pino\unified\ckpt_B3orig_full_s43.pt,bd682fd9a50154baad900aa257e8fca91359b8dd42ad251a386e0d78ae2ff9a2,8425649,full,0.8962478680832142,80,80.0,43.0,1054613,
results\cdr_pino\unified\ckpt_B3orig_full_s44.pt,fd0fb3ad16c93fb9d4b35bcbc167c26db73538ac007b6e3795f8648bf5f79ce1,8425649,full,0.8891171912155551,65,45.0,44.0,1054613,
results\cdr_pino\unified\ckpt_B3orig_nophys_s42.pt,682d535d04d20dc5c64f4327baf73d08f20dabbb52a846035cf4a05e61ad491b,8425789,nophys,0.9051291179819642,80,80.0,42.0,1054613,
results\cdr_pino\unified\ckpt_B3orig_nophys_s43.pt,b6d71685bbc55036ae1532eb4076d7af949d99e1f689919bc76ec2a6d21483c1,8425789,nophys,0.9047277945300106,80,80.0,43.0,1054613,
results\cdr_pino\unified\ckpt_B3orig_nophys_s44.pt,c0426a2479c176ce747cdf4196527d516d35362e7f55936914f39d8bcdd5c118,8425789,nophys,0.9035631536712847,80,80.0,44.0,1054613,
