track,model,population,n_units,n_test,prevalence,roc_auc,roc_auc_sd_units,ap,brier,ece,precision,recall_sensitivity,specificity,f1,threshold_rule,grid
B1,MaxEnt_biswas15_LQHP,all,3,4160767.0,0.06455399804290514,0.9321201919167489,0.016394910949110237,0.4755469830681187,0.051615856745883835,0.04147819179511227,0.4154980948377201,0.7191072850058585,0.9272080231562431,0.5252458758373478,max-F1 on validation,1 km
B1,MaxEnt_biswas15_LQHP,forest,3,1197538.0,0.2243055908981961,0.7870423880569325,0.03821279584706353,0.49531871847855435,0.16947012823805818,0.11414756979406084,0.4114631350820765,0.7631963250249311,0.6776874156664267,0.5327939814307104,max-F1 on validation,1 km
B1,MaxEnt_v2,all,3,4160767.0,0.06455399804290514,0.956417015304758,0.012282813830783642,0.5608843158303377,0.04135859745541436,0.019316005258715133,0.5124989851354805,0.6427124098774347,0.9567206601287088,0.5679519441635367,max-F1 on validation,1 km
B1,MaxEnt_v2,forest,3,1197538.0,0.2243055908981961,0.828445374660158,0.028968690212571886,0.5629778111778335,0.1419548634507346,0.06790423305847354,0.5128735466157067,0.6452496430573931,0.8227281300873351,0.5691956831704635,max-F1 on validation,1 km
B1,RF_biswas15,all,3,4160767.0,0.06455399804290514,0.9456208384208629,0.0174811009261332,0.5229426123006327,0.05069062786180197,0.06261414807230976,0.42774737367165544,0.7875028053774055,0.9214706185416981,0.5506125190803404,max-F1 on validation,1 km
B1,RF_biswas15,forest,3,1197538.0,0.2243055908981961,0.8082843034685882,0.04180163108110493,0.5342126779664166,0.16353234948322187,0.144212276272094,0.43212160996760773,0.796579601424877,0.6892495774800218,0.5575271727642259,max-F1 on validation,1 km
B1,RF_cdr7static,all,3,4160767.0,0.06455399804290514,0.9486068877092974,0.012474425731323412,0.47162078126912027,0.07087589041105626,0.079461872515158,0.4308463430284932,0.7175915581941247,0.9335297806709854,0.5379709471255427,max-F1 on validation,1 km
B1,RF_cdr7static,forest,3,1197538.0,0.2243055908981961,0.7931779763210801,0.02586544201901673,0.4728262463881728,0.24102701063205045,0.2661976336530192,0.43087414292022036,0.7204438903530125,0.7235866484314345,0.5387970405253962,max-F1 on validation,1 km
B1,RF_v1_corrlabel,all,3,4160767.0,0.06455399804290514,0.9596834974861667,0.014475064231102713,0.5819209878699109,0.04578776720990807,0.04906496600478436,0.4977878378547238,0.7140028499059691,0.9454769384552186,0.5812777609942968,max-F1 on validation,1 km
B1,RF_v1_corrlabel,forest,3,1197538.0,0.2243055908981961,0.8379928969330664,0.04220475086585615,0.5828330721737561,0.15581627282008867,0.15658450319747105,0.4977124677353339,0.7161505743860189,0.7823084316755186,0.5819382164656975,max-F1 on validation,1 km
B1,RF_v2,all,3,4160767.0,0.06455399804290514,0.9593519592598948,0.014067287452976265,0.5814967217039709,0.047235812365914565,0.05341270005544171,0.4900723611556937,0.7303251706331816,0.9409497405558432,0.5777095303038965,max-F1 on validation,1 km
B1,RF_v2,forest,3,1197538.0,0.2243055908981961,0.8379859456697362,0.038630706367742816,0.582837364701554,0.16046376779182267,0.16657561879157715,0.49004792521959956,0.7331706125259889,0.7663334690583993,0.5786038129549723,max-F1 on validation,1 km
B2,MaxEnt_biswas15_LQHP,all,6,4160768.0,0.08009982902714446,0.8558478230069596,0.0918915856889,0.26923181940096735,0.08938641192177756,0.08136415409346981,0.2776323131465791,0.34513469492768784,0.931878282832716,0.27306897858437934,max-F1 on validation,1 km
B2,MaxEnt_biswas15_LQHP,forest,6,1197538.0,0.19709568455270712,0.6732230175490046,0.10858823400399388,0.30538831833347585,0.21360159717936242,0.18610337744072514,0.297665111857592,0.3515344736368071,0.7828527201522765,0.2843933674453178,max-F1 on validation,1 km
B2,MaxEnt_v2,all,6,4160768.0,0.08009982902714446,0.9007437747893831,0.06678972763656982,0.3360030222839363,0.07986788823968315,0.06540151308705065,0.36406425684553306,0.528682769560926,0.910784327071453,0.3856842341529938,max-F1 on validation,1 km
B2,MaxEnt_v2,forest,6,1197538.0,0.19709568455270712,0.7301984413615896,0.06056303081034974,0.3508568526333229,0.20103707968049056,0.16007455244543958,0.3745292033568244,0.5306430214002504,0.7411089128006977,0.38889488110483295,max-F1 on validation,1 km
B2,RF_biswas15,all,6,4160768.0,0.08009982902714446,0.8894072168163483,0.04839146664920013,0.3323465801990142,0.07068791354821587,0.08726089603135993,0.35926265048859235,0.25978287834923625,0.9666709984075106,0.2134468617138947,max-F1 on validation,1 km
B2,RF_biswas15,forest,6,1197538.0,0.19709568455270712,0.7153228520177181,0.042524174512137365,0.35181251549110576,0.1759955969005367,0.15610519722415567,0.38176903922965494,0.2662857144122532,0.8676268358913458,0.22141293956426766,max-F1 on validation,1 km
B2,RF_cdr7static,all,6,4160768.0,0.08009982902714446,0.9231161174831976,0.047081947249729986,0.3649384266546835,0.08549424500148332,0.08135563084951468,0.37528273168768056,0.5762995442275306,0.9357177363357656,0.3996062153152226,max-F1 on validation,1 km
B2,RF_cdr7static,forest,6,1197538.0,0.19709568455270712,0.7494682112057784,0.05593565657828651,0.36645565358281224,0.25674664647326373,0.2775505391162637,0.3752882199254399,0.5790369592810646,0.7480088170489831,0.40029491844433224,max-F1 on validation,1 km
B2,RF_v2,all,6,4160768.0,0.08009982902714446,0.9351500598747876,0.03602516763281852,0.4115657975908184,0.06265795213166907,0.07272153172880355,0.4584345899349198,0.3482337514130072,0.9640027649113233,0.26353939958426736,max-F1 on validation,1 km
B2,RF_v2,forest,6,1197538.0,0.19709568455270712,0.7821979123174468,0.03362573359652861,0.4128258734755681,0.169499575289395,0.182953774218547,0.45844074745757696,0.3498093446628879,0.8447111787630668,0.26410887981615866,max-F1 on validation,1 km
B3static,MaxEnt_v2,all,1,4160768.0,0.0168584261367132,0.957469563808129,,0.2523533913030022,0.0419199491687567,0.059988546107951,,,,,none (no validation split),1 km
B3static,MaxEnt_v2,forest,1,1197538.0,0.0584866618011286,0.8468220622404489,,0.2526359356546244,0.1455007468657174,0.2072468738146112,,,,,none (no validation split),1 km
B3static,RF_biswas15,all,1,4160768.0,0.0168584261367132,0.9614692457320976,,0.264988664087321,0.0817006914797067,0.1137175076033812,,,,,none (no validation split),1 km
B3static,RF_biswas15,forest,1,1197538.0,0.0584866618011286,0.8644581442444272,,0.2661977910424606,0.2774750032962276,0.3697722548528009,,,,,none (no validation split),1 km
B3static,RF_v2,all,1,4160768.0,0.0168584261367132,0.9646303030902288,,0.2822013685673352,0.0809477908846673,0.1088072540174228,,,,,none (no validation split),1 km
B3static,RF_v2,forest,1,1197538.0,0.0584866618011286,0.8721851901251414,,0.2823026558303093,0.280470158214226,0.373982468058316,,,,,none (no validation split),1 km
B3static,persistence_null_everburned_trainyears,all,1,4160768.0,0.0168584261367132,0.806777596143096,,0.1313287162710351,0.0533492748466729,0.05334918551652,,,,,none (no validation split),1 km
B3static,persistence_null_everburned_trainyears,forest,1,1197538.0,0.0584866618011286,0.7435086567408757,,0.1457398643651863,0.1845235439753995,0.1845234808801056,,,,,none (no validation split),1 km
bridge12_B1,LogReg_cdr7_f0,all,1,7196.0,0.4031406336853808,0.9171530510734728,,0.8889436869505153,0.1133462939035667,0.0949309239945144,0.8160489629377763,0.827300930713547,0.8740395809080326,0.8216364258815474,max-F1 on validation,12 km (CDR-PINO cells)
bridge12_B1,LogReg_cdr7_f0,forest,1,4310.0,0.671461716937355,0.8826748991679648,,0.922833453927824,0.1392386166341641,0.096954299825669,0.8082639714625446,0.9395300621976505,0.5444915254237288,0.8689677213167146,max-F1 on validation,12 km (CDR-PINO cells)
bridge12_B1,LogReg_cdr7_f1,all,1,7857.0,0.3305332824233168,0.9250416903973728,,0.86034574342932,0.0971899412294012,0.0548797695564541,0.687909469922573,0.889487870619946,0.8007604562737642,0.7758186397984886,max-F1 on validation,12 km (CDR-PINO cells)
bridge12_B1,LogReg_cdr7_f1,forest,1,4921.0,0.5267222109327373,0.8866799254170444,,0.8799418919811449,0.1363859598726709,0.0601220946800696,0.707310026004045,0.9444444444444444,0.5650493774151997,0.8088551131670246,max-F1 on validation,12 km (CDR-PINO cells)
bridge12_B1,LogReg_cdr7_f2,all,1,7489.0,0.4891173721458138,0.9138169676591004,,0.8769163252188081,0.1133389747809584,0.0858436505241171,0.8760191172336238,0.8506688506688507,0.8847360167276529,0.8631578947368421,max-F1 on validation,12 km (CDR-PINO cells)
bridge12_B1,LogReg_cdr7_f2,forest,1,5110.0,0.7158512720156556,0.8372400128327361,,0.8904705899700678,0.1433368566650614,0.106274935526777,0.8525558695093758,0.9073264078731548,0.6046831955922864,0.8790888624023309,max-F1 on validation,12 km (CDR-PINO cells)
bridge12_B1,LogReg_v2agg_f0,all,1,7196.0,0.4031406336853808,0.9557463425361332,,0.9455704224485229,0.0782774490611726,0.0462499817578437,0.8984034833091437,0.853498793519476,0.9348079161816064,0.8753756407990101,max-F1 on validation,12 km (CDR-PINO cells)
bridge12_B1,LogReg_v2agg_f0,forest,1,4310.0,0.671461716937355,0.9193157038329838,,0.9592609235909132,0.1075860595752885,0.0325639786540138,0.9119705340699816,0.8555632342778162,0.8312146892655368,0.8828668211802462,max-F1 on validation,12 km (CDR-PINO cells)
bridge12_B1,LogReg_v2agg_f1,all,1,7857.0,0.3305332824233168,0.9419859636228406,,0.8963410431142079,0.0843067621747717,0.0304895466996888,0.8304248861911988,0.842895648825568,0.915019011406844,0.8366137970571375,max-F1 on validation,12 km (CDR-PINO cells)
bridge12_B1,LogReg_v2agg_f1,forest,1,4921.0,0.5267222109327373,0.9052738153926074,,0.908959616902393,0.1260626566199967,0.0650366567079587,0.837734404898584,0.8445216049382716,0.8179476170030056,0.8411143131604226,max-F1 on validation,12 km (CDR-PINO cells)
bridge12_B1,LogReg_v2agg_f2,all,1,7489.0,0.4891173721458138,0.9491000052944644,,0.9523913036166144,0.0853660061126592,0.0314742584315317,0.8425809691187547,0.9161889161889162,0.8361212754835338,0.8778446246403349,max-F1 on validation,12 km (CDR-PINO cells)
bridge12_B1,LogReg_v2agg_f2,forest,1,5110.0,0.7158512720156556,0.909514336666531,,0.96183339274417,0.1089217762699355,0.0340939549423103,0.8453228578443408,0.9412247129579004,0.5661157024793388,0.8906997801060665,max-F1 on validation,12 km (CDR-PINO cells)
bridge12_B1,MaxEnt_cdr7_f0,all,1,7196.0,0.4031406336853808,0.95969837384965,,0.9487315999636168,0.0972667624787745,0.1007847813003659,0.9108554996405464,0.8734918993450534,0.9422584400465658,0.8917825092380786,max-F1 on validation,12 km (CDR-PINO cells)
bridge12_B1,MaxEnt_cdr7_f0,forest,1,4310.0,0.671461716937355,0.9297599455721756,,0.9618231672707374,0.1598291145724991,0.1715517488453689,0.8888513513513514,0.9091223220456116,0.7676553672316384,0.8988725657669969,max-F1 on validation,12 km (CDR-PINO cells)
bridge12_B1,MaxEnt_cdr7_f1,all,1,7857.0,0.3305332824233168,0.9443936847283572,,0.9026595899658616,0.1032365955668603,0.1007779697709246,0.7851071064263856,0.889102810935695,0.8798479087452471,0.8338750451426508,max-F1 on validation,12 km (CDR-PINO cells)
bridge12_B1,MaxEnt_cdr7_f1,forest,1,4921.0,0.5267222109327373,0.911989743518386,,0.9149605703486274,0.1637523299618783,0.1631961118233865,0.8118846694796061,0.8908179012345679,0.7702876771146415,0.8495217071376012,max-F1 on validation,12 km (CDR-PINO cells)
bridge12_B1,MaxEnt_cdr7_f2,all,1,7489.0,0.4891173721458138,0.9461910824953166,,0.947800412210062,0.1455491929909025,0.1582524818195881,0.8958275766786405,0.885066885066885,0.9014636696288552,0.8904147212304312,max-F1 on validation,12 km (CDR-PINO cells)
bridge12_B1,MaxEnt_cdr7_f2,forest,1,5110.0,0.7158512720156556,0.908658915061445,,0.9586354458678116,0.2122173562857457,0.2331843264948576,0.909652076318743,0.88627665390924,0.778236914600551,0.8978122403766271,max-F1 on validation,12 km (CDR-PINO cells)
bridge12_B1,MaxEnt_v2agg_f0,all,1,7196.0,0.4031406336853808,0.963514608386414,,0.9493192883011936,0.0644147918032032,0.039916873772277,0.9281788200806156,0.8731471906239228,0.9543655413271246,0.8998223801065719,max-F1 on validation,12 km (CDR-PINO cells)
bridge12_B1,MaxEnt_v2agg_f0,forest,1,4310.0,0.671461716937355,0.9345876574951488,,0.9602704208776672,0.1010488397200744,0.0820169932787642,0.9351410773176988,0.8818244644091223,0.875,0.9077005157389294,max-F1 on validation,12 km (CDR-PINO cells)
bridge12_B1,MaxEnt_v2agg_f1,all,1,7857.0,0.3305332824233168,0.9447749377389236,,0.8798958450697699,0.0895866580133465,0.072036140574483,0.8563334682314853,0.8147862918752407,0.932509505703422,0.835043409629045,max-F1 on validation,12 km (CDR-PINO cells)
bridge12_B1,MaxEnt_v2agg_f1,forest,1,4921.0,0.5267222109327373,0.9047376013124904,,0.8916719660878801,0.1387927871712763,0.1186011922385344,0.8027187173231091,0.8885030864197531,0.7569772434521254,0.8434352682658853,max-F1 on validation,12 km (CDR-PINO cells)
bridge12_B1,MaxEnt_v2agg_f2,all,1,7489.0,0.4891173721458138,0.9433437024916376,,0.9361436654338317,0.0912737845405534,0.0673172840363406,0.8731681321609379,0.8946218946218947,0.8755880815473079,0.883764832793959,max-F1 on validation,12 km (CDR-PINO cells)
bridge12_B1,MaxEnt_v2agg_f2,forest,1,5110.0,0.7158512720156556,0.907195651780994,,0.9515538870437876,0.1182204311539755,0.0969980578929921,0.8646310432569975,0.928922908693275,0.6336088154269972,0.8956246705324196,max-F1 on validation,12 km (CDR-PINO cells)
bridge12_B1,RF_cdr7_f0,all,1,7196.0,0.4031406336853808,0.9820033957220002,,0.9720482711441828,0.0503899579210838,0.020813374200944,0.8802433557476785,0.947604274388142,0.9129220023282888,0.9126826029216468,max-F1 on validation,12 km (CDR-PINO cells)
bridge12_B1,RF_cdr7_f0,forest,1,4310.0,0.671461716937355,0.9495226096072528,,0.9732534861018594,0.0814922237829383,0.0223919150646102,0.881372234690606,0.9498963372494816,0.7387005649717514,0.9143522368202228,max-F1 on validation,12 km (CDR-PINO cells)
bridge12_B1,RF_cdr7_f1,all,1,7857.0,0.3305332824233168,0.9659388721411514,,0.9299509420602796,0.0711881373865322,0.0404490216370899,0.8214285714285714,0.9033500192529842,0.903041825095057,0.8604437924078489,max-F1 on validation,12 km (CDR-PINO cells)
bridge12_B1,RF_cdr7_f1,forest,1,4921.0,0.5267222109327373,0.9266434456318348,,0.9311987689905284,0.1122096569532448,0.0580030534665963,0.8214285714285714,0.9050925925925926,0.781021897810219,0.8612334801762114,max-F1 on validation,12 km (CDR-PINO cells)
bridge12_B1,RF_cdr7_f2,all,1,7489.0,0.4891173721458138,0.9727766782131656,,0.9707121808985965,0.0643396020717882,0.0140501412515784,0.9049564270152506,0.9071799071799072,0.9087820177731312,0.9060668029993184,max-F1 on validation,12 km (CDR-PINO cells)
bridge12_B1,RF_cdr7_f2,forest,1,5110.0,0.7158512720156556,0.932517147969581,,0.9716707471809888,0.0923691299413283,0.0139617689256326,0.9049564270152506,0.9084199015855658,0.759641873278237,0.9066848567530696,max-F1 on validation,12 km (CDR-PINO cells)
bridge12_B1,RF_v2agg_f0,all,1,7196.0,0.4031406336853808,0.983678222635284,,0.9785001655182218,0.0487734833239487,0.0380797587453145,0.8968018463567425,0.9376077214753532,0.9271245634458672,0.9167509268621502,max-F1 on validation,12 km (CDR-PINO cells)
bridge12_B1,RF_v2agg_f0,forest,1,4310.0,0.671461716937355,0.9582551226187828,,0.9802611919885368,0.0779004851834948,0.0372899820911242,0.8968018463567425,0.939875604699378,0.778954802259887,0.9178336426522692,max-F1 on validation,12 km (CDR-PINO cells)
bridge12_B1,RF_v2agg_f1,all,1,7857.0,0.3305332824233168,0.9698541458336688,,0.9404503798426772,0.0656559377234745,0.0325431420206622,0.8624237804878049,0.8713900654601463,0.9313688212927757,0.8668837387473664,max-F1 on validation,12 km (CDR-PINO cells)
bridge12_B1,RF_v2agg_f1,forest,1,4921.0,0.5267222109327373,0.9353716260091492,,0.9416292943115206,0.1031327565834154,0.03771118991745,0.8624237804878049,0.873070987654321,0.8449978531558608,0.8677147239263804,max-F1 on validation,12 km (CDR-PINO cells)
bridge12_B1,RF_v2agg_f2,all,1,7489.0,0.4891173721458138,0.9740054291805468,,0.972873418675134,0.0627702608082744,0.0318708495176741,0.8884286823712141,0.9369369369369368,0.8873497124934657,0.9120382673398884,max-F1 on validation,12 km (CDR-PINO cells)
bridge12_B1,RF_v2agg_f2,forest,1,5110.0,0.7158512720156556,0.937570226094134,,0.974115832123608,0.0896279040130265,0.0319689095144902,0.8884286823712141,0.9382176052487698,0.703168044077135,0.9126445951336258,max-F1 on validation,12 km (CDR-PINO cells)
bridge12_B2,LogReg_cdr7_r0,all,1,4471.0,0.1847461418027287,0.8500466658031003,,0.6840775859592825,0.1179950130093071,0.143974777494914,0.6013143483023001,0.6646489104116223,0.9001371742112483,0.6313973548016102,max-F1 on validation,12 km (CDR-PINO cells)
bridge12_B2,LogReg_cdr7_r0,forest,1,2246.0,0.3668744434550312,0.7977807136127156,,0.7376216298245742,0.1692000830014034,0.0620964774710581,0.6190975865687304,0.7160194174757282,0.7447257383966245,0.6640405177265054,max-F1 on validation,12 km (CDR-PINO cells)
bridge12_B2,LogReg_cdr7_r1,all,1,4999.0,0.5021004200840168,0.9354962632395288,,0.9511405396356856,0.1221751129359721,0.1421325859894985,0.893491124260355,0.8422310756972111,0.898754519887505,0.867104183757178,max-F1 on validation,12 km (CDR-PINO cells)
bridge12_B2,LogReg_cdr7_r1,forest,1,3287.0,0.7627015515667782,0.9274477616519898,,0.97809869688827,0.1328636614640335,0.1471868152938418,0.9517641804376954,0.8500199441563622,0.8615384615384616,0.8980193847450484,max-F1 on validation,12 km (CDR-PINO cells)
bridge12_B2,LogReg_cdr7_r2,all,1,2613.0,0.4557979334098737,0.8635960514926175,,0.7835395600486778,0.1566751277929074,0.1047584943807838,0.8122192273135669,0.7590260285474392,0.8530239099859352,0.7847222222222223,max-F1 on validation,12 km (CDR-PINO cells)
bridge12_B2,LogReg_cdr7_r2,forest,1,1866.0,0.635048231511254,0.7646362695713056,,0.795594078283131,0.2030391433450194,0.1524418225733509,0.7919407894736842,0.8126582278481013,0.6284875183553598,0.8021657642648895,max-F1 on validation,12 km (CDR-PINO cells)
bridge12_B2,LogReg_cdr7_r3,all,1,2401.0,0.6663890045814244,0.8063619694132335,,0.840979898562447,0.163013932651003,0.1657127011007257,0.7460844803037494,0.9825,0.3320848938826466,0.8481251685999461,max-F1 on validation,12 km (CDR-PINO cells)
bridge12_B2,LogReg_cdr7_r3,forest,1,2163.0,0.7397133610725843,0.7315658303730018,,0.8423922011194955,0.1675505125343427,0.1564787883553703,0.7778327560613557,0.9825,0.2024866785079929,0.8682684341342171,max-F1 on validation,12 km (CDR-PINO cells)
bridge12_B2,LogReg_cdr7_r4,all,1,3912.0,0.2615030674846625,0.9017701890779974,,0.8770878332810317,0.0727706433777681,0.0915607443953275,0.8917470525187567,0.8132942326490714,0.9650398061613016,0.850715746421268,max-F1 on validation,12 km (CDR-PINO cells)
bridge12_B2,LogReg_cdr7_r4,forest,1,2011.0,0.5082048731974143,0.9186739061179826,,0.9326071449960198,0.1055941441718847,0.0925876533054086,0.9229122055674518,0.8434442270058709,0.9271991911021232,0.8813905930470348,max-F1 on validation,12 km (CDR-PINO cells)
bridge12_B2,LogReg_cdr7_r5,all,1,4146.0,0.485045827303425,0.8736788413142237,,0.8974034142567534,0.1435099230347583,0.0629760260931052,0.8950418544752092,0.6911984087518648,0.9236533957845432,0.7800224466891134,max-F1 on validation,12 km (CDR-PINO cells)
bridge12_B2,LogReg_cdr7_r5,forest,1,2768.0,0.7247109826589595,0.8702854690521612,,0.9499825835694766,0.1822201067447716,0.2000778007258478,0.9113849765258216,0.7741774675972084,0.8018372703412073,0.8371967654986524,max-F1 on validation,12 km (CDR-PINO cells)
bridge12_B2,LogReg_v2agg_r0,all,1,4471.0,0.1847461418027287,0.8923682313826695,,0.7061385683087578,0.0998843764633131,0.0741541495405297,0.6081871345029239,0.7554479418886199,0.8897119341563786,0.6738660907127431,max-F1 on validation,12 km (CDR-PINO cells)
bridge12_B2,LogReg_v2agg_r0,forest,1,2246.0,0.3668744434550312,0.833838143323365,,0.7523634030483156,0.1648043666359173,0.0792568471116055,0.6684266103484688,0.7682038834951457,0.7791842475386779,0.7148503670242801,max-F1 on validation,12 km (CDR-PINO cells)
bridge12_B2,LogReg_v2agg_r1,all,1,4999.0,0.5021004200840168,0.9640611519370488,,0.970763155683068,0.0728643861894345,0.0393783602147715,0.914262494920764,0.896414342629482,0.9152269987946968,0.9052504526252264,max-F1 on validation,12 km (CDR-PINO cells)
bridge12_B2,LogReg_v2agg_r1,forest,1,3287.0,0.7627015515667782,0.930438106634756,,0.9793574757248767,0.094300502409095,0.0426876486781893,0.9324212271973464,0.8970881531711209,0.791025641025641,0.9144134986785932,max-F1 on validation,12 km (CDR-PINO cells)
bridge12_B2,LogReg_v2agg_r2,all,1,2613.0,0.4557979334098737,0.8880826191749893,,0.8739463301518885,0.1389063379249185,0.0814050294885405,0.7928571428571428,0.8387909319899244,0.8164556962025317,0.8151774785801713,max-F1 on validation,12 km (CDR-PINO cells)
bridge12_B2,LogReg_v2agg_r2,forest,1,1866.0,0.635048231511254,0.8247743142685428,,0.8882765762342297,0.1771779301435961,0.111504449367563,0.8056451612903226,0.8430379746835444,0.6461086637298091,0.8239175257731959,max-F1 on validation,12 km (CDR-PINO cells)
bridge12_B2,LogReg_v2agg_r3,all,1,2401.0,0.6663890045814244,0.822100109238452,,0.864627772676579,0.15045828871377,0.1333594288209496,0.8709280885064536,0.885625,0.7378277153558053,0.8782150604276419,max-F1 on validation,12 km (CDR-PINO cells)
bridge12_B2,LogReg_v2agg_r3,forest,1,2163.0,0.7397133610725843,0.7604745781527531,,0.8675443105969318,0.1648318605187543,0.1609161334617478,0.8721712538226299,0.89125,0.6287744227353463,0.8816074188562596,max-F1 on validation,12 km (CDR-PINO cells)
bridge12_B2,LogReg_v2agg_r4,all,1,3912.0,0.2615030674846625,0.90384906242609,,0.8015398464817756,0.0926037098786023,0.0352651483778874,0.7773319959879639,0.7575757575757576,0.9231568016614744,0.7673267326732673,max-F1 on validation,12 km (CDR-PINO cells)
bridge12_B2,LogReg_v2agg_r4,forest,1,2011.0,0.5082048731974143,0.8879558707425517,,0.8691381077020199,0.143342610774162,0.127537078867548,0.8830874006810443,0.761252446183953,0.8958543983822043,0.8176563321071992,max-F1 on validation,12 km (CDR-PINO cells)
bridge12_B2,LogReg_v2agg_r5,all,1,4146.0,0.485045827303425,0.9434696988576878,,0.9549930652030664,0.0946476917674122,0.0769717996439153,0.6734765762592462,0.9507707608155148,0.565807962529274,0.7884536082474226,max-F1 on validation,12 km (CDR-PINO cells)
bridge12_B2,LogReg_v2agg_r5,forest,1,2768.0,0.7247109826589595,0.9116947059085212,,0.9684019364192338,0.1071872203632564,0.0217291569119657,0.80083857442348,0.9521435692921236,0.3766404199475066,0.8699612844454565,max-F1 on validation,12 km (CDR-PINO cells)
bridge12_B2,MaxEnt_cdr7_r0,all,1,4471.0,0.1847461418027287,0.938675488330228,,0.7922730145775982,0.0821800129006838,0.0727375103259819,0.6939834024896265,0.8099273607748184,0.9190672153635115,0.7474860335195531,max-F1 on validation,12 km (CDR-PINO cells)
bridge12_B2,MaxEnt_cdr7_r0,forest,1,2246.0,0.3668744434550312,0.8771677385877952,,0.8019105673163108,0.1627256663668729,0.145715794995848,0.6939834024896265,0.8118932038834952,0.7925457102672293,0.7483221476510068,max-F1 on validation,12 km (CDR-PINO cells)
bridge12_B2,MaxEnt_cdr7_r1,all,1,4999.0,0.5021004200840168,0.9635585420471589,,0.971377603953154,0.1010127500996606,0.1076606815775592,0.9520753102267864,0.8864541832669323,0.9550020088388912,0.9180936661852692,max-F1 on validation,12 km (CDR-PINO cells)
bridge12_B2,MaxEnt_cdr7_r1,forest,1,3287.0,0.7627015515667782,0.9367821382181176,,0.9800657763670296,0.1526245297583688,0.1680584728256222,0.953299057412168,0.8875149581172717,0.8602564102564103,0.9192315637265028,max-F1 on validation,12 km (CDR-PINO cells)
bridge12_B2,MaxEnt_cdr7_r2,all,1,2613.0,0.4557979334098737,0.8973799629428874,,0.8589987870748041,0.2029953575099432,0.2055547001833205,0.8308631211857018,0.8001679261125105,0.8635724331926864,0.8152266894781864,max-F1 on validation,12 km (CDR-PINO cells)
bridge12_B2,MaxEnt_cdr7_r2,forest,1,1866.0,0.635048231511254,0.8189774283289033,,0.8672568650690895,0.2809388299775557,0.2860212048220066,0.8304647160068847,0.8143459915611815,0.71071953010279,0.8223263740945889,max-F1 on validation,12 km (CDR-PINO cells)
bridge12_B2,MaxEnt_cdr7_r3,all,1,2401.0,0.6663890045814244,0.6522534332084894,,0.7672318122117211,0.386800083136057,0.396681146239152,0.815422477440525,0.62125,0.7191011235955056,0.7052146151117415,max-F1 on validation,12 km (CDR-PINO cells)
bridge12_B2,MaxEnt_cdr7_r3,forest,1,2163.0,0.7397133610725843,0.6006538632326821,,0.7880987532613832,0.4291348591939639,0.4419071806837373,0.8112480739599384,0.658125,0.5648312611012434,0.7267080745341615,max-F1 on validation,12 km (CDR-PINO cells)
bridge12_B2,MaxEnt_cdr7_r4,all,1,3912.0,0.2615030674846625,0.670151587898548,,0.5181750757383822,0.2259482840358727,0.2290222347825588,0.8303030303030303,0.2678396871945259,0.9806161301488404,0.4050258684405026,max-F1 on validation,12 km (CDR-PINO cells)
bridge12_B2,MaxEnt_cdr7_r4,forest,1,2011.0,0.5082048731974143,0.7942529270112133,,0.7852254385817857,0.4386721021894286,0.4529980819128087,0.9072847682119204,0.2681017612524461,0.9716885743174924,0.4138972809667673,max-F1 on validation,12 km (CDR-PINO cells)
bridge12_B2,MaxEnt_cdr7_r5,all,1,4146.0,0.485045827303425,0.9506651356648504,,0.956321873535041,0.1110844310517706,0.1144452921799828,0.926595744680851,0.8662357036300348,0.9353629976580796,0.8953996401953225,max-F1 on validation,12 km (CDR-PINO cells)
bridge12_B2,MaxEnt_cdr7_r5,forest,1,2768.0,0.7247109826589595,0.914897368262666,,0.9667326742277976,0.1644335465035297,0.1767853372051283,0.8488848429676832,0.9297108673978066,0.5643044619422573,0.8874613371401381,max-F1 on validation,12 km (CDR-PINO cells)
bridge12_B2,MaxEnt_v2agg_r0,all,1,4471.0,0.1847461418027287,0.8919427588291367,,0.6378187204171175,0.1295340566231801,0.1177787046160506,0.5595041322314049,0.8196125907990315,0.8537722908093278,0.6650294695481336,max-F1 on validation,12 km (CDR-PINO cells)
bridge12_B2,MaxEnt_v2agg_r0,forest,1,2246.0,0.3668744434550312,0.812200869143692,,0.676556911085001,0.2232105785198572,0.1978475337581183,0.5323636363636364,0.8883495145631068,0.5478199718706048,0.6657571623465212,max-F1 on validation,12 km (CDR-PINO cells)
bridge12_B2,MaxEnt_v2agg_r1,all,1,4999.0,0.5021004200840168,0.9544890746375686,,0.9588947999271532,0.0774698827987202,0.0441058145142731,0.8787995382839554,0.9099601593625498,0.8734431498593813,0.8941084360931689,max-F1 on validation,12 km (CDR-PINO cells)
bridge12_B2,MaxEnt_v2agg_r1,forest,1,3287.0,0.7627015515667782,0.9196779785830445,,0.9709348148217144,0.1060971471286095,0.0812610282384336,0.903846153846154,0.9186278420422817,0.6858974358974359,0.9111770524233432,max-F1 on validation,12 km (CDR-PINO cells)
bridge12_B2,MaxEnt_v2agg_r2,all,1,2613.0,0.4557979334098737,0.8936588997887345,,0.8632014071645677,0.1536424305738657,0.1447268605514644,0.8696939782823297,0.7397145256087322,0.9071729957805909,0.7994555353901996,max-F1 on validation,12 km (CDR-PINO cells)
bridge12_B2,MaxEnt_v2agg_r2,forest,1,1866.0,0.635048231511254,0.8403340830374789,,0.8798132703197691,0.2111215026795711,0.2030778843061428,0.8722772277227723,0.7434599156118143,0.8105726872246696,0.8027334851936219,max-F1 on validation,12 km (CDR-PINO cells)
bridge12_B2,MaxEnt_v2agg_r3,all,1,2401.0,0.6663890045814244,0.8035662453183521,,0.8530876185069188,0.1840564406812213,0.1760404817611431,0.849685534591195,0.844375,0.7016229712858927,0.8470219435736677,max-F1 on validation,12 km (CDR-PINO cells)
bridge12_B2,MaxEnt_v2agg_r3,forest,1,2163.0,0.7397133610725843,0.7482837477797513,,0.8592365922381688,0.2023798256902017,0.1966966933864574,0.8432203389830508,0.870625,0.5399644760213144,0.8567035670356703,max-F1 on validation,12 km (CDR-PINO cells)
bridge12_B2,MaxEnt_v2agg_r4,all,1,3912.0,0.2615030674846625,0.908941185546552,,0.7071099038081138,0.1376976840743319,0.1263250862104812,0.6451846488052136,0.8709677419354839,0.8303911388023537,0.7412645590682196,max-F1 on validation,12 km (CDR-PINO cells)
bridge12_B2,MaxEnt_v2agg_r4,forest,1,2011.0,0.5082048731974143,0.8137546277150416,,0.7518222816595809,0.2191007278363047,0.2060849159617325,0.7128,0.8718199608610567,0.6370070778564206,0.784330985915493,max-F1 on validation,12 km (CDR-PINO cells)
bridge12_B2,MaxEnt_v2agg_r5,all,1,4146.0,0.485045827303425,0.9337207420079492,,0.9264294611252608,0.1029295740168494,0.0790298447213905,0.8744326777609682,0.8622575832918946,0.8833723653395784,0.8683024536805208,max-F1 on validation,12 km (CDR-PINO cells)
bridge12_B2,MaxEnt_v2agg_r5,forest,1,2768.0,0.7247109826589595,0.8843816320068665,,0.942684808156392,0.1410055205140477,0.123709076826245,0.86977414704469,0.9022931206380858,0.6443569553805775,0.8857352581355518,max-F1 on validation,12 km (CDR-PINO cells)
bridge12_B2,RF_cdr7_r0,all,1,4471.0,0.1847461418027287,0.9493583036897536,,0.8012832061559333,0.0826883398486996,0.0849474225784572,0.6072874493927125,0.9079903147699758,0.8669410150891632,0.727802037845706,max-F1 on validation,12 km (CDR-PINO cells)
bridge12_B2,RF_cdr7_r0,forest,1,2246.0,0.3668744434550312,0.8755530293720044,,0.8029043058195018,0.1630430331674682,0.1523836281854376,0.6066235864297254,0.9114077669902912,0.6575246132208158,0.7284190106692532,max-F1 on validation,12 km (CDR-PINO cells)
bridge12_B2,RF_cdr7_r1,all,1,4999.0,0.5021004200840168,0.985239035821359,,0.9860566962086802,0.0481562026121439,0.0288493530443703,0.959864807773553,0.905179282868526,0.9618320610687024,0.9317203198687718,max-F1 on validation,12 km (CDR-PINO cells)
bridge12_B2,RF_cdr7_r1,forest,1,3287.0,0.7627015515667782,0.957157650885214,,0.9868295224765468,0.0717908742789928,0.0386708073470418,0.959864807773553,0.9062624650977265,0.8782051282051282,0.9322938038572014,max-F1 on validation,12 km (CDR-PINO cells)
bridge12_B2,RF_cdr7_r2,all,1,2613.0,0.4557979334098737,0.9247819145230108,,0.8869203411246577,0.1076568305614941,0.038094498360986,0.7926739926739926,0.90848026868178,0.80098452883263,0.8466353677621282,max-F1 on validation,12 km (CDR-PINO cells)
bridge12_B2,RF_cdr7_r2,forest,1,1866.0,0.635048231511254,0.8533454773013129,,0.8894341571428359,0.1463846667036041,0.0466236847852376,0.7926739926739926,0.9130801687763712,0.5844346549192364,0.8486274509803922,max-F1 on validation,12 km (CDR-PINO cells)
bridge12_B2,RF_cdr7_r3,all,1,2401.0,0.6663890045814244,0.9328019662921349,,0.9537500840218132,0.1052101539131073,0.1127415062154225,0.8281497100685292,0.981875,0.5930087390761548,0.8984844152130398,max-F1 on validation,12 km (CDR-PINO cells)
bridge12_B2,RF_cdr7_r3,forest,1,2163.0,0.7397133610725843,0.9046769538188276,,0.9538084780896856,0.1159851637092175,0.1195247376670165,0.8281497100685292,0.981875,0.4209591474245115,0.8984844152130398,max-F1 on validation,12 km (CDR-PINO cells)
bridge12_B2,RF_cdr7_r4,all,1,3912.0,0.2615030674846625,0.9887675197694292,,0.9554988425926938,0.0403165276999138,0.0747735936663472,0.9559164733178654,0.8054740957966764,0.986846659743856,0.8742705570291778,max-F1 on validation,12 km (CDR-PINO cells)
bridge12_B2,RF_cdr7_r4,forest,1,2011.0,0.5082048731974143,0.9698632115699308,,0.9563442708653546,0.0760293451554053,0.1170670037890148,0.9559164733178654,0.8062622309197651,0.961577350859454,0.8747346072186837,max-F1 on validation,12 km (CDR-PINO cells)
bridge12_B2,RF_cdr7_r5,all,1,4146.0,0.485045827303425,0.9736317932868056,,0.9703982089985892,0.0636981569397707,0.024029660644667,0.9064184223419892,0.919940328194928,0.9105386416861828,0.9131293188548864,max-F1 on validation,12 km (CDR-PINO cells)
bridge12_B2,RF_cdr7_r5,forest,1,2768.0,0.7247109826589595,0.933455865997807,,0.9720081212898312,0.0921355666752329,0.0263095308006446,0.9064184223419892,0.922233300099701,0.7493438320209974,0.914257474672597,max-F1 on validation,12 km (CDR-PINO cells)
bridge12_B2,RF_v2agg_r0,all,1,4471.0,0.1847461418027287,0.952789153605224,,0.8243359593189645,0.0725195701825832,0.069158177840662,0.6906693711967545,0.8244552058111381,0.916323731138546,0.7516556291390728,max-F1 on validation,12 km (CDR-PINO cells)
bridge12_B2,RF_v2agg_r0,forest,1,2246.0,0.3668744434550312,0.8858941665642537,,0.8260561667562675,0.1404903197252537,0.088267882907274,0.6906693711967545,0.8264563106796117,0.7855133614627285,0.752486187845304,max-F1 on validation,12 km (CDR-PINO cells)
bridge12_B2,RF_v2agg_r1,all,1,4999.0,0.5021004200840168,0.984781484748031,,0.9858873974550656,0.0472945907975326,0.0373062374209962,0.95503300330033,0.9223107569721116,0.9562073121735636,0.938386704499392,max-F1 on validation,12 km (CDR-PINO cells)
bridge12_B2,RF_v2agg_r1,forest,1,3287.0,0.7627015515667782,0.957633242306158,,0.9869038887920653,0.0699769473136457,0.0418645514355598,0.95503300330033,0.9234144395692062,0.8602564102564103,0.9389576150882176,max-F1 on validation,12 km (CDR-PINO cells)
bridge12_B2,RF_v2agg_r2,all,1,2613.0,0.4557979334098737,0.9288451477974164,,0.9004484080498881,0.1042924839228935,0.0538124116135562,0.8451290591174022,0.852225020990764,0.869198312236287,0.8486622073578596,max-F1 on validation,12 km (CDR-PINO cells)
bridge12_B2,RF_v2agg_r2,forest,1,1866.0,0.635048231511254,0.8653481787145981,,0.903703899703736,0.1395725722796639,0.0462556771498968,0.8451290591174022,0.8565400843881856,0.7268722466960352,0.8507963118189439,max-F1 on validation,12 km (CDR-PINO cells)
bridge12_B2,RF_v2agg_r3,all,1,2401.0,0.6663890045814244,0.8895540730337078,,0.9180016214912934,0.108560956564154,0.0404746030831511,0.8470780993992354,0.969375,0.6504369538077404,0.9041095890410958,max-F1 on validation,12 km (CDR-PINO cells)
bridge12_B2,RF_v2agg_r3,forest,1,2163.0,0.7397133610725843,0.8433653419182948,,0.9181113659568052,0.1201476309712183,0.04009236416965,0.8470780993992354,0.969375,0.5026642984014209,0.9041095890410958,max-F1 on validation,12 km (CDR-PINO cells)
bridge12_B2,RF_v2agg_r4,all,1,3912.0,0.2615030674846625,0.9875771752970024,,0.9662691740881688,0.0506726013366425,0.1213318784540512,0.9601406799531068,0.8005865102639296,0.9882312218760816,0.8731343283582089,max-F1 on validation,12 km (CDR-PINO cells)
bridge12_B2,RF_v2agg_r4,forest,1,2011.0,0.5082048731974143,0.9688233978855472,,0.9674831710211348,0.0896771814730117,0.155277318493253,0.9601406799531068,0.8013698630136986,0.9656218402426694,0.8736,max-F1 on validation,12 km (CDR-PINO cells)
bridge12_B2,RF_v2agg_r5,all,1,4146.0,0.485045827303425,0.9720537046245648,,0.9689705541693616,0.0655573767830974,0.0366556847015551,0.9013125911521632,0.921929388363998,0.9049180327868852,0.9115044247787608,max-F1 on validation,12 km (CDR-PINO cells)
bridge12_B2,RF_v2agg_r5,forest,1,2768.0,0.7247109826589595,0.9290789050172316,,0.9705226085831504,0.0935248142491911,0.0250316333514254,0.9013125911521632,0.9242273180458624,0.7335958005249343,0.9126261383214374,max-F1 on validation,12 km (CDR-PINO cells)
bridge12_B3,RF_monthly_cdr7,all,1,856596.0,0.0246382191838392,0.9024639206299246,,0.1607478677036994,0.0932775907294994,0.1312767979201512,0.1638969802384794,0.3705756929637526,0.9522460445414732,0.2272753690573056,max-F1 on validation,12 km (CDR-PINO cells)
bridge12_B3,RF_monthly_cdr7,forest,1,544958.0,0.0387240851588562,0.8455751964861964,,0.160807781783624,0.1466097830554716,0.2063031556467277,0.1638969802384794,0.370610813628394,0.9238377031812238,0.2272819737874516,max-F1 on validation,12 km (CDR-PINO cells)
bridge12_B3,RF_monthly_cdr7_month,all,1,856596.0,0.0246382191838392,0.9719702662142942,,0.5419849709200654,0.0375638701151275,0.0516661225121928,0.5060599617265575,0.5638474295190713,0.9860979950711616,0.5333930972658001,max-F1 on validation,12 km (CDR-PINO cells)
bridge12_B3,RF_monthly_cdr7_month,forest,1,544958.0,0.0387240851588562,0.9560588026260344,,0.5420697834771407,0.0590343875857671,0.0811033858889396,0.5060599617265575,0.5639008671752831,0.9778278340380449,0.533417006589269,max-F1 on validation,12 km (CDR-PINO cells)
bridge12_B3,null_climatological_frequency,all,1,856596.0,0.0246382191838392,0.908355983224128,,0.164916141976242,0.0217202475333789,0.0010665801654012,,,,,none (no validation split),12 km (CDR-PINO cells)
bridge12_B3,null_climatological_frequency,forest,1,544958.0,0.0387240851588562,0.85697400936314,,0.1650718063262771,0.0341375372662488,0.001677183615026,,,,,none (no validation split),12 km (CDR-PINO cells)
bridge12_B3,null_seasonal_frequency,all,1,856596.0,0.0246382191838392,0.9298903329251148,,0.54557421236631,0.0148941517892709,0.0030737931113071,,,,,none (no validation split),12 km (CDR-PINO cells)
bridge12_B3,null_seasonal_frequency,forest,1,544958.0,0.0387240851588562,0.920143145978068,,0.547141984846226,0.0234074940477003,0.0048325463725725,,,,,none (no validation split),12 km (CDR-PINO cells)
CDR_B1,CDR-PINO_nophys,all,9,,0.4075971047083537,0.7235393048994938,0.0102721904848843,0.6424948785215258,,,,,,,n/a (ranking metrics only),12 km (CDR-PINO cells)
CDR_B1,CDR-PINO_nophys,forest,9,,0.6380117332952493,0.7015922973865389,0.004960413153353677,0.7921281625380676,,,,,,,n/a,12 km (CDR-PINO cells)
CDR_B1,CDR-PINO_diff,all,9,,0.4075971047083537,0.6421152214632656,0.0127098262848318,0.584251319525689,,,,,,,n/a (ranking metrics only),12 km (CDR-PINO cells)
CDR_B1,CDR-PINO_diff,forest,9,,0.6380117332952493,0.6415608814036632,0.010068512751207834,0.7637023787545714,,,,,,,n/a,12 km (CDR-PINO cells)
CDR_B1,CDR-PINO_diffadv,all,9,,0.4075971047083537,0.7298378805447024,0.0039856606350905,0.6371027469672922,,,,,,,n/a (ranking metrics only),12 km (CDR-PINO cells)
CDR_B1,CDR-PINO_diffadv,forest,9,,0.6380117332952493,0.7040117413631148,0.007247790615754464,0.797441342669177,,,,,,,n/a,12 km (CDR-PINO cells)
CDR_B1,CDR-PINO_full,all,9,,0.4075971047083537,0.7184702176101783,0.0071703326635536,0.6191671092113985,,,,,,,n/a (ranking metrics only),12 km (CDR-PINO cells)
CDR_B1,CDR-PINO_full,forest,9,,0.6380117332952493,0.7011697194700643,0.004463258327097684,0.794157766708921,,,,,,,n/a,12 km (CDR-PINO cells)
CDR_B2,CDR-PINO_nophys,all,18,,0.4259303957223892,0.6143728796530726,0.0209370061305562,0.523658680971792,,,,,,,n/a (ranking metrics only),12 km (CDR-PINO cells)
CDR_B2,CDR-PINO_nophys,forest,18,,0.6228755739103369,0.6347863451225497,0.016890374077079908,0.729823360497501,,,,,,,n/a,12 km (CDR-PINO cells)
CDR_B2,CDR-PINO_full,all,18,,0.4259303957223892,0.570084248127895,0.0071083198196536,0.4888688747090082,,,,,,,n/a (ranking metrics only),12 km (CDR-PINO cells)
CDR_B2,CDR-PINO_full,forest,18,,0.6228755739103369,0.5689333758674727,0.007990525821385796,0.6731454429776647,,,,,,,n/a,12 km (CDR-PINO cells)
CDR_B3,CDR-PINO_nophys,all,3,,0.0246382188051939,0.904355219547046,0.0007136228453966,0.1541009300061422,,,,,,,n/a (ranking metrics only),12 km (CDR-PINO cells)
CDR_B3,CDR-PINO_diff,all,3,,0.0246382188051939,0.8855229412476197,0.0064146620171451,0.136129430721356,,,,,,,n/a (ranking metrics only),12 km (CDR-PINO cells)
CDR_B3,CDR-PINO_diffadv,all,3,,0.0246382188051939,0.894125131701772,0.0010301533231764,0.141509121324737,,,,,,,n/a (ranking metrics only),12 km (CDR-PINO cells)
CDR_B3,CDR-PINO_full,all,3,,0.0246382188051939,0.8934330289299948,0.0031140713149025,0.1409594780505408,,,,,,,n/a (ranking metrics only),12 km (CDR-PINO cells)
CDR_B3orig,CDR-PINO_nophys,all,3,,0.0246382188051939,0.90447335539442,0.0008133975109813,0.1546213397756018,,,,,,,n/a (ranking metrics only),12 km (CDR-PINO cells)
CDR_B3orig,CDR-PINO_full,all,3,,0.0246382188051939,0.8940617614989251,0.0042916756205592,0.142115465471158,,,,,,,n/a (ranking metrics only),12 km (CDR-PINO cells)
