tag,track,config,seed,test_auc,test_ap,val_auc,best_epoch,epochs_run,train_time_sec,test_prevalence,c_adv,family,population,roc_auc,ap,train_rows,fit_sec,train_auc,n_train_presence,n_test_presence,n_background
A_nophys_s42,A,nophys,42.0,0.9447639222736994,0.9290896001016082,0.9428044716977148,40.0,60.0,103.51467204093932,0.4205856323242187,0.6931471824645996,CDR-PINO,,,,,,,,,
A_nophys_s43,A,nophys,43.0,0.94687827117297,0.934200811735614,0.943530110649475,40.0,60.0,97.19235253334044,0.4205856323242187,0.6931471824645996,CDR-PINO,,,,,,,,,
A_nophys_s44,A,nophys,44.0,0.9433378322057884,0.929677667758892,0.9396527561904082,35.0,55.0,85.30237555503845,0.4205856323242187,0.6931471824645996,CDR-PINO,,,,,,,,,
A_diff_s42,A,diff,42.0,0.9263695310834124,0.9120553008196906,0.9161846060437516,5.0,25.0,134.00547695159912,0.4205856323242187,0.6931471824645996,CDR-PINO,,,,,,,,,
A_diff_s43,A,diff,43.0,0.9273204933736534,0.9146887539392048,0.9165335024246204,5.0,25.0,190.8164179325104,0.4205856323242187,0.6931471824645996,CDR-PINO,,,,,,,,,
A_diff_s44,A,diff,44.0,0.9189819302020537,0.9056642692282312,0.9105014352617942,5.0,25.0,134.80929589271545,0.4205856323242187,0.6931471824645996,CDR-PINO,,,,,,,,,
A_diffadv_s42,A,diffadv,42.0,0.9387997864449056,0.919796584405778,0.9300867709121248,30.0,50.0,261.260021686554,0.4205856323242187,0.568650484085083,CDR-PINO,,,,,,,,,
A_diffadv_s43,A,diffadv,43.0,0.9409247363676896,0.9243532185157536,0.9346491780459912,40.0,60.0,442.398149728775,0.4205856323242187,0.5273774862289429,CDR-PINO,,,,,,,,,
A_diffadv_s44,A,diffadv,44.0,0.9386237084924496,0.92047495590526,0.932706860791618,55.0,75.0,537.6714770793915,0.4205856323242187,0.4887908697128296,CDR-PINO,,,,,,,,,
A_full_s42,A,full,42.0,0.9398620090009758,0.9232822513258702,0.9342731634800676,30.0,50.0,185.6096270084381,0.4205856323242187,0.5707522630691528,CDR-PINO,,,,,,,,,
A_full_s43,A,full,43.0,0.9394822904349286,0.9196738667484374,0.9339382811948312,35.0,55.0,200.00955605506897,0.4205856323242187,0.5418701171875,CDR-PINO,,,,,,,,,
A_full_s44,A,full,44.0,0.9369366313218446,0.9182036660458224,0.9279566283760322,55.0,75.0,281.5492765903473,0.4205856323242187,0.5180869102478027,CDR-PINO,,,,,,,,,
B1_f0_nophys_s42,B1,nophys,42.0,0.7258430816879411,0.676587970647903,0.6812418246812249,20.0,40.0,63.84309411048889,0.4031406342983246,0.6931471824645996,CDR-PINO,,,,,,,,,
B1_f1_nophys_s42,B1,nophys,42.0,0.7186188802230125,0.558299708265886,0.7544614642032352,5.0,25.0,38.6850962638855,0.3305332958698272,0.6931471824645996,CDR-PINO,,,,,,,,,
B1_f2_nophys_s42,B1,nophys,42.0,0.7373280351586677,0.7085419190346358,0.6169254185692542,80.0,80.0,124.664541721344,0.4891173839569092,0.6931471824645996,CDR-PINO,,,,,,,,,
B1_f0_nophys_s43,B1,nophys,43.0,0.7242279668325201,0.6804829277935869,0.6959723761595222,10.0,30.0,46.12095999717712,0.4031406342983246,0.6931471824645996,CDR-PINO,,,,,,,,,
B1_f1_nophys_s43,B1,nophys,43.0,0.7296638341110172,0.5718931064729031,0.7701262796020637,5.0,25.0,37.14377784729004,0.3305332958698272,0.6931471824645996,CDR-PINO,,,,,,,,,
B1_f2_nophys_s43,B1,nophys,43.0,0.7403983963053488,0.7190626520320399,0.6683149416539828,80.0,80.0,139.26245284080505,0.4891173839569092,0.6931471824645996,CDR-PINO,,,,,,,,,
B1_f0_nophys_s44,B1,nophys,44.0,0.7107810762536624,0.6340577548585862,0.670108101428871,15.0,35.0,56.227365493774414,0.4031406342983246,0.6931471824645996,CDR-PINO,,,,,,,,,
B1_f1_nophys_s44,B1,nophys,44.0,0.7267130031580751,0.5704050200615406,0.7616520115688906,5.0,25.0,40.85358262062073,0.3305332958698272,0.6931471824645996,CDR-PINO,,,,,,,,,
B1_f2_nophys_s44,B1,nophys,44.0,0.6982794703651997,0.6631228475266507,0.5600665905631659,80.0,80.0,156.71739530563354,0.4891173839569092,0.6931471824645996,CDR-PINO,,,,,,,,,
B1_f0_diff_s42,B1,diff,42.0,0.7346086352143033,0.6990840956989133,0.677688057294631,5.0,25.0,109.43243432044984,0.4031406342983246,0.6931471824645996,CDR-PINO,,,,,,,,,
B1_f1_diff_s42,B1,diff,42.0,0.6569256937296765,0.525615288843903,0.7115539567052367,5.0,25.0,105.3491144180298,0.3305332958698272,0.6931471824645996,CDR-PINO,,,,,,,,,
B1_f2_diff_s42,B1,diff,42.0,0.5704122717975306,0.5777206201082112,0.6586707255200406,35.0,55.0,260.0204758644104,0.4891173839569092,0.6931471824645996,CDR-PINO,,,,,,,,,
B1_f0_diff_s43,B1,diff,43.0,0.6716134976538539,0.6145480838574428,0.6358581962875316,5.0,25.0,108.68213725090028,0.4031406342983246,0.6931471824645996,CDR-PINO,,,,,,,,,
B1_f1_diff_s43,B1,diff,43.0,0.6835720800982708,0.5517865093898994,0.732212873407598,5.0,25.0,102.85485410690308,0.3305332958698272,0.6931471824645996,CDR-PINO,,,,,,,,,
B1_f2_diff_s43,B1,diff,43.0,0.5757936808642506,0.5900509864354033,0.6552289446981229,20.0,40.0,166.77906441688538,0.4891173839569092,0.6931471824645996,CDR-PINO,,,,,,,,,
B1_f0_diff_s44,B1,diff,44.0,0.6839930753274834,0.630508169189259,0.6598240496659976,5.0,25.0,110.71431398391724,0.4031406342983246,0.6931471824645996,CDR-PINO,,,,,,,,,
B1_f1_diff_s44,B1,diff,44.0,0.6505564698079533,0.5103788438186658,0.7366064073921772,5.0,25.0,106.7128643989563,0.3305332958698272,0.6931471824645996,CDR-PINO,,,,,,,,,
B1_f2_diff_s44,B1,diff,44.0,0.5515615886760685,0.5585692783895035,0.5928735413495688,10.0,30.0,122.5685703754425,0.4891173839569092,0.6931471824645996,CDR-PINO,,,,,,,,,
B1_f0_diffadv_s42,B1,diffadv,42.0,0.7303179947984698,0.6397886060461975,0.645187108708025,65.0,80.0,357.3294723033905,0.4031406342983246,0.5461283922195435,CDR-PINO,,,,,,,,,
B1_f1_diffadv_s42,B1,diffadv,42.0,0.7275818032213245,0.572424731576225,0.7528527482533911,20.0,40.0,180.35010814666748,0.3305332958698272,0.6178569793701172,CDR-PINO,,,,,,,,,
B1_f2_diffadv_s42,B1,diffadv,42.0,0.726910284803646,0.6945277992760185,0.5371093353627601,70.0,80.0,355.94062781333923,0.4891173839569092,0.5033133625984192,CDR-PINO,,,,,,,,,
B1_f0_diffadv_s43,B1,diffadv,43.0,0.749396679479879,0.6646456640384396,0.7119498197685449,60.0,80.0,332.43876695632935,0.4031406342983246,0.4332843720912933,CDR-PINO,,,,,,,,,
B1_f1_diffadv_s43,B1,diffadv,43.0,0.7534839116793141,0.6399951751826732,0.7692509960602613,70.0,80.0,315.33221983909607,0.3305332958698272,0.3880299925804138,CDR-PINO,,,,,,,,,
B1_f2_diffadv_s43,B1,diffadv,43.0,0.6777430854796249,0.6213504627322873,0.5948985286656521,80.0,80.0,317.89141058921814,0.4891173839569092,0.3537546992301941,CDR-PINO,,,,,,,,,
B1_f0_diffadv_s44,B1,diffadv,44.0,0.7649703305712494,0.6684305028724186,0.6791855135847586,55.0,75.0,279.8940796852112,0.4031406342983246,0.4925175905227661,CDR-PINO,,,,,,,,,
B1_f1_diffadv_s44,B1,diffadv,44.0,0.7224199537049916,0.5679400966192784,0.7675305964123431,15.0,35.0,143.0104374885559,0.3305332958698272,0.6285443902015686,CDR-PINO,,,,,,,,,
B1_f2_diffadv_s44,B1,diffadv,44.0,0.715716881163823,0.6648216843620913,0.526005834601725,40.0,60.0,246.38869071006772,0.4891173839569092,0.5506511330604553,CDR-PINO,,,,,,,,,
B1_f0_full_s42,B1,full,42.0,0.7013872218603918,0.5952659762192738,0.6594836194070833,70.0,80.0,317.7688698768616,0.4031406342983246,0.4798381924629211,CDR-PINO,,,,,,,,,
B1_f1_full_s42,B1,full,42.0,0.7237345738209194,0.5670811054920237,0.7494055303542171,35.0,55.0,212.9419355392456,0.3305332958698272,0.5856037735939026,CDR-PINO,,,,,,,,,
B1_f2_full_s42,B1,full,42.0,0.7132347977878557,0.6784164350644961,0.4746689497716895,50.0,70.0,277.796443939209,0.4891173839569092,0.5465943813323975,CDR-PINO,,,,,,,,,
B1_f0_full_s43,B1,full,43.0,0.7372034210835732,0.6713525630327223,0.6977790592017893,50.0,70.0,277.9146122932434,0.4031406342983246,0.5016539692878723,CDR-PINO,,,,,,,,,
B1_f1_full_s43,B1,full,43.0,0.7202455743758154,0.559584298812299,0.7551418361570195,10.0,30.0,117.9186441898346,0.3305332958698272,0.6496729850769043,CDR-PINO,,,,,,,,,
B1_f2_full_s43,B1,full,43.0,0.6908492392026109,0.6386103686532189,0.4938489345509894,20.0,40.0,161.21044325828552,0.4891173839569092,0.6051098108291626,CDR-PINO,,,,,,,,,
B1_f0_full_s44,B1,full,44.0,0.7295571877386425,0.6319250785779005,0.6918266782494085,35.0,55.0,218.3038625717163,0.4031406342983246,0.545648455619812,CDR-PINO,,,,,,,,,
B1_f1_full_s44,B1,full,44.0,0.7367348402880773,0.5929225432914426,0.785071355613304,40.0,60.0,229.968786239624,0.3305332958698272,0.5474231243133545,CDR-PINO,,,,,,,,,
B1_f2_full_s44,B1,full,44.0,0.7132851023337171,0.63734561375921,0.5114732369355657,45.0,65.0,250.52952408790588,0.4891173839569092,0.5383641719818115,CDR-PINO,,,,,,,,,
B2_r0_nophys_s42,B2,nophys,42.0,0.5071234268974383,0.2498498117994367,0.7880448774243841,5.0,25.0,37.72925162315369,0.1847461462020874,0.6931471824645996,CDR-PINO,,,,,,,,,
B2_r1_nophys_s42,B2,nophys,42.0,0.6171698101127031,0.6031229793367583,0.8091165786725885,30.0,50.0,78.59744024276733,0.50210040807724,0.6931471824645996,CDR-PINO,,,,,,,,,
B2_r2_nophys_s42,B2,nophys,42.0,0.4904056561104675,0.472293045483399,0.7882927637025997,10.0,30.0,46.67142367362976,0.45579794049263,0.6931471824645996,CDR-PINO,,,,,,,,,
B2_r3_nophys_s42,B2,nophys,42.0,0.8007798845193509,0.8745693520756217,0.7614482929677935,35.0,55.0,86.6229796409607,0.666388988494873,0.6931471824645996,CDR-PINO,,,,,,,,,
B2_r4_nophys_s42,B2,nophys,42.0,0.7624311990707328,0.4762956318050523,0.7169979891995131,10.0,30.0,48.21476364135742,0.2615030705928802,0.6931471824645996,CDR-PINO,,,,,,,,,
B2_r5_nophys_s42,B2,nophys,42.0,0.5485830275405643,0.5349213800249741,0.7974013556176659,10.0,30.0,47.03874635696411,0.4850458204746246,0.6931471824645996,CDR-PINO,,,,,,,,,
B2_r0_nophys_s43,B2,nophys,43.0,0.5617408503472534,0.2733513679863079,0.8026240252537769,5.0,25.0,39.432703256607056,0.1847461462020874,0.6931471824645996,CDR-PINO,,,,,,,,,
B2_r1_nophys_s43,B2,nophys,43.0,0.6289326422714125,0.6145921249804387,0.8322122945709279,5.0,25.0,38.12533354759216,0.50210040807724,0.6931471824645996,CDR-PINO,,,,,,,,,
B2_r2_nophys_s43,B2,nophys,43.0,0.4475216136967245,0.4307665794490932,0.8177330544736523,10.0,30.0,48.007346868515015,0.45579794049263,0.6931471824645996,CDR-PINO,,,,,,,,,
B2_r3_nophys_s43,B2,nophys,43.0,0.7718250624219726,0.8488550050624806,0.8129432412576214,5.0,25.0,37.67744851112366,0.666388988494873,0.6931471824645996,CDR-PINO,,,,,,,,,
B2_r4_nophys_s43,B2,nophys,43.0,0.8063839412447593,0.4723529531086521,0.742352064937423,5.0,25.0,39.47585654258728,0.2615030705928802,0.6931471824645996,CDR-PINO,,,,,,,,,
B2_r5_nophys_s43,B2,nophys,43.0,0.5703929325478021,0.5502390286009442,0.8608119137066751,80.0,80.0,124.1799383163452,0.4850458204746246,0.6931471824645996,CDR-PINO,,,,,,,,,
B2_r0_nophys_s44,B2,nophys,44.0,0.488141571757391,0.2371856766129773,0.8161399448054838,5.0,25.0,39.32602763175965,0.1847461462020874,0.6931471824645996,CDR-PINO,,,,,,,,,
B2_r1_nophys_s44,B2,nophys,44.0,0.5725839110412508,0.549301384581061,0.8494572621519398,5.0,25.0,39.628578901290894,0.50210040807724,0.6931471824645996,CDR-PINO,,,,,,,,,
B2_r2_nophys_s44,B2,nophys,44.0,0.4362423993358534,0.4226772780792195,0.8060651980613408,10.0,30.0,46.43256521224976,0.45579794049263,0.6931471824645996,CDR-PINO,,,,,,,,,
B2_r3_nophys_s44,B2,nophys,44.0,0.7407131710362047,0.8241173325643962,0.7974945526928849,5.0,25.0,39.75754261016846,0.666388988494873,0.6931471824645996,CDR-PINO,,,,,,,,,
B2_r4_nophys_s44,B2,nophys,44.0,0.7789929915846909,0.4673357138276901,0.7182461650201416,30.0,50.0,77.52203965187073,0.2615030705928802,0.6931471824645996,CDR-PINO,,,,,,,,,
B2_r5_nophys_s44,B2,nophys,44.0,0.5287477422187338,0.5240296121137518,0.8332066213662543,20.0,40.0,62.45678377151489,0.4850458204746246,0.6931471824645996,CDR-PINO,,,,,,,,,
B2_r0_full_s42,B2,full,42.0,0.4715285458537184,0.2733960721995091,0.7855810943142911,10.0,30.0,115.3228566646576,0.1847461462020874,0.6468097567558289,CDR-PINO,,,,,,,,,
B2_r1_full_s42,B2,full,42.0,0.6021674651334398,0.574856287575529,0.831392516871288,60.0,80.0,302.7578890323639,0.50210040807724,0.5076766014099121,CDR-PINO,,,,,,,,,
B2_r2_full_s42,B2,full,42.0,0.4296047713689521,0.4159426007929867,0.8451870961996323,20.0,40.0,159.13298511505127,0.45579794049263,0.6177740097045898,CDR-PINO,,,,,,,,,
B2_r3_full_s42,B2,full,42.0,0.7323907615480649,0.816896142596572,0.7988976659780349,10.0,30.0,120.11411929130554,0.666388988494873,0.6466698050498962,CDR-PINO,,,,,,,,,
B2_r4_full_s42,B2,full,42.0,0.6299057299961732,0.347387683863271,0.7507316892741615,35.0,55.0,218.90931677818295,0.2615030705928802,0.5770941972732544,CDR-PINO,,,,,,,,,
B2_r5_full_s42,B2,full,42.0,0.5931209728227769,0.5673069401539993,0.8564631589965261,10.0,30.0,120.00086522102356,0.4850458204746246,0.6441064476966858,CDR-PINO,,,,,,,,,
B2_r0_full_s43,B2,full,43.0,0.4663235650680723,0.208027745332876,0.7829144821844902,25.0,45.0,180.66349959373477,0.1847461462020874,0.5982776880264282,CDR-PINO,,,,,,,,,
B2_r1_full_s43,B2,full,43.0,0.634587563766629,0.6303389928991632,0.8237526967544467,25.0,45.0,179.09058451652527,0.50210040807724,0.5964348316192627,CDR-PINO,,,,,,,,,
B2_r2_full_s43,B2,full,43.0,0.4348595478748844,0.4139840821605171,0.8382580453940145,55.0,75.0,298.6024401187897,0.45579794049263,0.5168277621269226,CDR-PINO,,,,,,,,,
B2_r3_full_s43,B2,full,43.0,0.7466916354556803,0.7839679395180654,0.8333880680426742,20.0,40.0,155.90773797035217,0.666388988494873,0.6053924560546875,CDR-PINO,,,,,,,,,
B2_r4_full_s43,B2,full,43.0,0.5839521060604369,0.3152268309584524,0.7563748764265588,40.0,60.0,229.8356511592865,0.2615030705928802,0.5847908854484558,CDR-PINO,,,,,,,,,
B2_r5_full_s43,B2,full,43.0,0.5618892345029738,0.565867202361385,0.870506793647381,25.0,45.0,174.89556646347046,0.4850458204746246,0.5826516151428223,CDR-PINO,,,,,,,,,
B2_r0_full_s44,B2,full,44.0,0.3785232681340653,0.163163133535179,0.8083460652854404,80.0,80.0,321.4792070388794,0.1847461462020874,0.5069399476051331,CDR-PINO,,,,,,,,,
B2_r1_full_s44,B2,full,44.0,0.6253942846532712,0.5932920656124095,0.8537493409914252,25.0,45.0,180.53605151176453,0.50210040807724,0.5930513739585876,CDR-PINO,,,,,,,,,
B2_r2_full_s44,B2,full,44.0,0.4777518566936033,0.4369376573623231,0.8379374402518086,20.0,40.0,162.1006965637207,0.45579794049263,0.6047714352607727,CDR-PINO,,,,,,,,,
B2_r3_full_s44,B2,full,44.0,0.7463342696629214,0.7981616214688989,0.8229116562953287,25.0,45.0,180.36078453063965,0.666388988494873,0.5877350568771362,CDR-PINO,,,,,,,,,
B2_r4_full_s44,B2,full,44.0,0.5838495834978601,0.3506768647160605,0.7413286750909568,50.0,70.0,278.8375105857849,0.2615030705928802,0.5587993264198303,CDR-PINO,,,,,,,,,
B2_r5_full_s44,B2,full,44.0,0.5626413042085858,0.5442098816549518,0.8754430793341859,25.0,45.0,178.7090482711792,0.4850458204746246,0.5857117772102356,CDR-PINO,,,,,,,,,
B3_nophys_s42,B3,nophys,42.0,0.905093377741632,0.1562032356002245,0.9074755062221898,80.0,80.0,142.1898901462555,0.0246382188051939,0.6931471824645996,CDR-PINO,,,,,,,,,
B3_nophys_s43,B3,nophys,43.0,0.904303314574322,0.1543875724959038,0.9066911296836468,75.0,80.0,142.48011350631714,0.0246382188051939,0.6931471824645996,CDR-PINO,,,,,,,,,
B3_nophys_s44,B3,nophys,44.0,0.903668966325184,0.1517119819222984,0.906645988699538,80.0,80.0,142.84761667251587,0.0246382188051939,0.6931471824645996,CDR-PINO,,,,,,,,,
B3_diff_s42,B3,diff,42.0,0.8854173707622436,0.1371595583210356,0.8888320539960404,10.0,30.0,111.74467182159424,0.0246382188051939,0.6931471824645996,CDR-PINO,,,,,,,,,
B3_diff_s43,B3,diff,43.0,0.891989736932197,0.1411376998851665,0.8954599413285633,45.0,65.0,245.06826758384705,0.0246382188051939,0.6931471824645996,CDR-PINO,,,,,,,,,
B3_diff_s44,B3,diff,44.0,0.879161716048418,0.1300910339578659,0.8821254382925473,5.0,25.0,95.7320294380188,0.0246382188051939,0.6931471824645996,CDR-PINO,,,,,,,,,
B3_diffadv_s42,B3,diffadv,42.0,0.8946137717790394,0.1429434071569424,0.8975241631071309,65.0,80.0,320.1733250617981,0.0246382188051939,0.4509287178516388,CDR-PINO,,,,,,,,,
B3_diffadv_s43,B3,diffadv,43.0,0.8948200342275061,0.1424533748355516,0.8976730302820808,70.0,80.0,467.8187243938446,0.0246382188051939,0.4882574677467346,CDR-PINO,,,,,,,,,
B3_diffadv_s44,B3,diffadv,44.0,0.8929415890987706,0.139130581981717,0.8962163496041335,75.0,80.0,330.544757604599,0.0246382188051939,0.4473913013935089,CDR-PINO,,,,,,,,,
B3_full_s42,B3,full,42.0,0.8952036319473488,0.1438144793326174,0.899624021923322,65.0,80.0,325.16979217529297,0.0246382188051939,0.5166290998458862,CDR-PINO,,,,,,,,,
B3_full_s43,B3,full,43.0,0.8952581081824844,0.1418129724434998,0.8984358508099433,70.0,80.0,355.9869523048401,0.0246382188051939,0.4543647170066833,CDR-PINO,,,,,,,,,
B3_full_s44,B3,full,44.0,0.8898373466601512,0.1372509823755052,0.8924240549212586,65.0,80.0,346.9248147010803,0.0246382188051939,0.512770414352417,CDR-PINO,,,,,,,,,
B3orig_nophys_s42,B3orig,nophys,42.0,0.9051291179819642,0.1562913618483873,0.9072469046282268,80.0,80.0,143.874196767807,0.0246382188051939,0.6931471824645996,CDR-PINO,,,,,,,,,
B3orig_nophys_s43,B3orig,nophys,43.0,0.9047277945300106,0.1556786194159949,0.9070647311994025,80.0,80.0,146.13745021820068,0.0246382188051939,0.6931471824645996,CDR-PINO,,,,,,,,,
B3orig_nophys_s44,B3orig,nophys,44.0,0.9035631536712848,0.1518940380624231,0.9058047885979944,80.0,80.0,145.95661330223083,0.0246382188051939,0.6931471824645996,CDR-PINO,,,,,,,,,
B3orig_full_s42,B3orig,full,42.0,0.8968202251980062,0.1460332151603364,0.8996998469444859,60.0,80.0,332.92179346084595,0.0246382188051939,0.539944589138031,CDR-PINO,,,,,,,,,
B3orig_full_s43,B3orig,full,43.0,0.8962478680832142,0.14296041837192,0.9000139740861596,80.0,80.0,330.56616473197937,0.0246382188051939,0.4737401604652405,CDR-PINO,,,,,,,,,
B3orig_full_s44,B3orig,full,44.0,0.8891171912155551,0.1373527628812175,0.8925583613357319,45.0,65.0,270.6737439632416,0.0246382188051939,0.532153308391571,CDR-PINO,,,,,,,,,
MaxEnt_v2_n50000_seed42,,,42.0,,,,,,,,,MaxEnt sample-size,all,0.9634711070731344,0.6319498899158258,50000.0,149.80831861495972,,,,
MaxEnt_v2_n50000_seed42,,,42.0,,,,,,,,,MaxEnt sample-size,forest,0.852185155929126,0.6338413308307491,50000.0,149.80831861495972,,,,
MaxEnt_v2_n50000_seed43,,,43.0,,,,,,,,,MaxEnt sample-size,all,0.9641870712229876,0.637120768025689,50000.0,160.05639028549194,,,,
MaxEnt_v2_n50000_seed43,,,43.0,,,,,,,,,MaxEnt sample-size,forest,0.8559234010161846,0.6391878450428834,50000.0,160.05639028549194,,,,
MaxEnt_v2_n50000_seed44,,,44.0,,,,,,,,,MaxEnt sample-size,all,0.9643335295905472,0.6356578395604856,50000.0,151.16416692733765,,,,
MaxEnt_v2_n50000_seed44,,,44.0,,,,,,,,,MaxEnt sample-size,forest,0.85563645413542,0.6376231519030798,50000.0,151.16416692733765,,,,
MaxEnt_v2_n100000_seed42,,,42.0,,,,,,,,,MaxEnt sample-size,all,0.9659334539204972,0.6529275655009448,100000.0,517.509268283844,,,,
MaxEnt_v2_n100000_seed42,,,42.0,,,,,,,,,MaxEnt sample-size,forest,0.8615247277917302,0.6547490560619134,100000.0,517.509268283844,,,,
MaxEnt_v2_n100000_seed43,,,43.0,,,,,,,,,MaxEnt sample-size,all,0.9664001068720138,0.6542099507664052,100000.0,517.8680572509766,,,,
MaxEnt_v2_n100000_seed43,,,43.0,,,,,,,,,MaxEnt sample-size,forest,0.8635067701530594,0.6560263599811829,100000.0,517.8680572509766,,,,
MaxEnt_v2_n100000_seed44,,,44.0,,,,,,,,,MaxEnt sample-size,all,0.9665493458254502,0.6550440539643757,100000.0,486.8511550426483,,,,
MaxEnt_v2_n100000_seed44,,,44.0,,,,,,,,,MaxEnt sample-size,forest,0.8637289694044606,0.6567477230011389,100000.0,486.8511550426483,,,,
MaxEnt_v2_n150000_seed42,,,42.0,,,,,,,,,MaxEnt sample-size,all,0.967017946040157,0.6625503491169731,150000.0,1120.2393865585327,,,,
MaxEnt_v2_n150000_seed42,,,42.0,,,,,,,,,MaxEnt sample-size,forest,0.8657422142808162,0.6642872168342202,150000.0,1120.2393865585327,,,,
MaxEnt_v2_n150000_seed43,,,43.0,,,,,,,,,MaxEnt sample-size,all,0.967437542205116,0.6639592012631754,150000.0,1131.0525925159454,,,,
MaxEnt_v2_n150000_seed43,,,43.0,,,,,,,,,MaxEnt sample-size,forest,0.8673118635430892,0.665654294340582,150000.0,1131.0525925159454,,,,
MaxEnt_v2_n150000_seed44,,,44.0,,,,,,,,,MaxEnt sample-size,all,0.9673215026820302,0.6637383578050334,150000.0,1153.4912769794464,,,,
MaxEnt_v2_n150000_seed44,,,44.0,,,,,,,,,MaxEnt sample-size,forest,0.8669297536716488,0.6654297591055566,150000.0,1153.4912769794464,,,,
MaxEnt_v2_n300000_seed42,,,42.0,,,,,,,,,MaxEnt sample-size,all,0.968035180108956,0.6708564177080311,300000.0,3411.1269290447235,,,,
MaxEnt_v2_n300000_seed42,,,42.0,,,,,,,,,MaxEnt sample-size,forest,0.8697249985944354,0.6725388377804064,300000.0,3411.1269290447235,,,,
MaxEnt_v2_n500000_seed42,,,42.0,,,,,,,,,MaxEnt sample-size,all,0.9685398307156892,0.6756184627901425,500000.0,7302.929088592529,,,,
MaxEnt_v2_n500000_seed42,,,42.0,,,,,,,,,MaxEnt sample-size,forest,0.87172447186151,0.6773031146931056,500000.0,7302.929088592529,,,,
,,,0.0,0.8915175101606976,,,,,,,,Biswas-style reimplementation,,,,,,0.9020893968258679,969.0,323.0,3338.0
,,,1.0,0.8770087202993209,,,,,,,,Biswas-style reimplementation,,,,,,0.9070490168253608,969.0,323.0,3338.0
,,,2.0,0.9121171536319742,,,,,,,,Biswas-style reimplementation,,,,,,0.8961942444664157,969.0,323.0,3338.0
,,,3.0,0.8976575209567288,,,,,,,,Biswas-style reimplementation,,,,,,0.8998365137105266,969.0,323.0,3338.0
,,,4.0,0.8922084932487706,,,,,,,,Biswas-style reimplementation,,,,,,0.9023456943560749,969.0,323.0,3338.0
,,,5.0,0.8832053082341069,,,,,,,,Biswas-style reimplementation,,,,,,0.9048836273180396,969.0,323.0,3338.0
,,,6.0,0.9034246791334238,,,,,,,,Biswas-style reimplementation,,,,,,0.8964694010428743,969.0,323.0,3338.0
,,,7.0,0.892725107450189,,,,,,,,Biswas-style reimplementation,,,,,,0.9011922008877973,969.0,323.0,3338.0
,,,8.0,0.8935941694012284,,,,,,,,Biswas-style reimplementation,,,,,,0.9014503534061602,969.0,323.0,3338.0
,,,9.0,0.886565619278521,,,,,,,,Biswas-style reimplementation,,,,,,0.9052954346886495,969.0,323.0,3338.0
