track,cdr,classical,delong_auc1,delong_auc2,delong_diff,delong_se,delong_ci95,delong_z,delong_p
A,A_full_s42,RF_cdr7,0.9398620090009756,0.9799910224475158,-0.04012901344654,0.0031487103275827,"[-0.04630048568860234, -0.03395754120447781]",-12.74458723465567,3.341546902712948e-37
A,A_nophys_s42,RF_cdr7,0.9447639222736994,0.9799910224475158,-0.0352271001738163,0.0029693034238559,"[-0.041046934884574025, -0.029407265463058694]",-11.863758984950843,1.8258978429048163e-32
A,A_full_s43,RF_cdr7,0.9394822904349288,0.9799910224475158,-0.040508732012587,0.0031789027823361,"[-0.046739381465965874, -0.034278082559208306]",-12.742991776180713,3.4106051193169066e-37
A,A_nophys_s43,RF_cdr7,0.94687827117297,0.9799910224475158,-0.0331127512745458,0.002881134728744,"[-0.03875977534288411, -0.02746572720620754]",-11.492954822345537,1.4313090401591e-30
A,A_full_s44,RF_cdr7,0.9369366313218448,0.9799910224475158,-0.0430543911256711,0.0031313095691512,"[-0.049191757881207596, -0.036917024370134624]",-13.749643775189194,5.118090475293925e-43
A,A_nophys_s44,RF_cdr7,0.9433378322057884,0.9799910224475158,-0.0366531902417275,0.003055632552284,"[-0.04264223004420434, -0.03066415043925072]",-11.9952872652601,3.761100073821298e-33
A,A_full_s42,MaxEnt_cdr7,0.9398620090009756,0.9584415647353016,-0.0185795557343257,0.0034579380741243,"[-0.025357114359609488, -0.011801997109042098]",-5.373015749864393,7.743056271526671e-08
A,A_nophys_s42,MaxEnt_cdr7,0.9447639222736994,0.9584415647353016,-0.013677642461602,0.0032398802095914,"[-0.02002780767240139, -0.00732747725080277]",-4.221650671253271,2.4251975999623987e-05
A,A_full_s43,MaxEnt_cdr7,0.9394822904349288,0.9584415647353016,-0.0189592743003728,0.0034719156128945,"[-0.02576422890164605, -0.012154319699099567]",-5.460753202053376,4.74118761539686e-08
A,A_nophys_s43,MaxEnt_cdr7,0.94687827117297,0.9584415647353016,-0.0115632935623315,0.0031132162876644,"[-0.017665197486153906, -0.005461389638509183]",-3.7142596253748583,0.0002037994814361
A,A_full_s44,MaxEnt_cdr7,0.9369366313218448,0.9584415647353016,-0.0215049334134568,0.0034735667851046,"[-0.02831312431226198, -0.014696742514651678]",-6.191023447619944,5.977481562659394e-10
A,A_nophys_s44,MaxEnt_cdr7,0.9433378322057884,0.9584415647353016,-0.0151037325295132,0.0033132636036978,"[-0.021597729192761077, -0.008609735866265417]",-4.558566518117137,5.150395249680917e-06
A,A_full_s42,LogReg_cdr7,0.9398620090009756,0.9237086741814798,0.0161533348194958,0.0043404128657645,"[0.007646125602597311, 0.02466054403639445]",3.721612509931224,0.0001979546298446
A,A_nophys_s42,LogReg_cdr7,0.9447639222736994,0.9237086741814798,0.0210552480922195,0.0043076083358361,"[0.012612335753980809, 0.029498160430458373]",4.887920732499171,1.0190654334448695e-06
A,A_full_s43,LogReg_cdr7,0.9394822904349288,0.9237086741814798,0.0157736162534488,0.0043439936194382,"[0.007259388759349965, 0.024287843747547763]",3.631132463654213,0.0002821802979648
A,A_nophys_s43,LogReg_cdr7,0.94687827117297,0.9237086741814798,0.0231695969914901,0.004231388946542,"[0.01487607465626771, 0.031463119326712544]",5.475648134503127,4.3591311865119066e-08
A,A_full_s44,LogReg_cdr7,0.9369366313218448,0.9237086741814798,0.0132279571403648,0.0042924344140551,"[0.004814785688816809, 0.021641128591912875]",3.081691148745641,0.0020582827677012
A,A_nophys_s44,LogReg_cdr7,0.9433378322057884,0.9237086741814798,0.0196291580243084,0.0042978102272925,"[0.01120544997881506, 0.02805286606980179]",4.567246338532284,4.941731370352316e-06
A,A_full_s42,RF_v2agg,0.9398620090009756,0.9808429408895006,-0.0409809318885249,0.0032148987801861,"[-0.047282133497689845, -0.03467973027935999]",-12.74719196171755,3.231777722340885e-37
A,A_nophys_s42,RF_v2agg,0.9447639222736994,0.9808429408895006,-0.0360790186158012,0.0030141440108372,"[-0.04198674087704213, -0.030171296354560284]",-11.969905381455195,5.1086851259358385e-33
A,A_full_s43,RF_v2agg,0.9394822904349288,0.9808429408895006,-0.0413606504545719,0.003231430628312,"[-0.04769425448606352, -0.03502704642308035]",-12.799485804272711,1.650404014060419e-37
A,A_nophys_s43,RF_v2agg,0.94687827117297,0.9808429408895006,-0.0339646697165306,0.0029589948316195,"[-0.03976429958650494, -0.028165039846556404]",-11.478448476350003,1.6929109998961324e-30
A,A_full_s44,RF_v2agg,0.9369366313218448,0.9808429408895006,-0.0439063095676559,0.0032023312395546,"[-0.05018287879718298, -0.03762974033812893]",-13.710733301206728,8.756832030647536e-43
A,A_nophys_s44,RF_v2agg,0.9433378322057884,0.9808429408895006,-0.0375051086837123,0.0030828252647405,"[-0.04354744620260387, -0.03146277116482088]",-12.165823704856876,4.7265331419104546e-34
A,A_full_s42,MaxEnt_v2agg,0.9398620090009756,0.9662690576114136,-0.0264070486104379,0.0033184490080803,"[-0.03291120866627553, -0.0199028885546004]",-7.957647848780279,1.7534054400389625e-15
A,A_nophys_s42,MaxEnt_v2agg,0.9447639222736994,0.9662690576114136,-0.0215051353377142,0.0031692729285783,"[-0.02771691027772772, -0.015293360397700786]",-6.785510690416055,1.1567658458608128e-11
A,A_full_s43,MaxEnt_v2agg,0.9394822904349288,0.9662690576114136,-0.0267867671764849,0.0033395541815394,"[-0.03333229337230231, -0.020241240980667652]",-8.021060812415666,1.0483580707614972e-15
A,A_nophys_s43,MaxEnt_v2agg,0.94687827117297,0.9662690576114136,-0.0193907864384437,0.003101176591853,"[-0.025469092558475737, -0.013312480318411701]",-6.252719206440608,4.0336699077545634e-10
A,A_full_s44,MaxEnt_v2agg,0.9369366313218448,0.9662690576114136,-0.029332426289569,0.0033269304531063,"[-0.03585320997765737, -0.022811642601480633]",-8.816663498986493,1.1792095836721493e-18
A,A_nophys_s44,MaxEnt_v2agg,0.9433378322057884,0.9662690576114136,-0.0229312254056254,0.0032365055111089,"[-0.029274776207398892, -0.01658767460385195]",-7.085180398091944,1.388632907187217e-12
A,A_full_s42,LogReg_v2agg,0.9398620090009756,0.956080868241999,-0.0162188592410232,0.0034837828857318,"[-0.023047073697057673, -0.0093906447849889]",-4.655531005519659,3.231467696739068e-06
A,A_nophys_s42,LogReg_v2agg,0.9447639222736994,0.956080868241999,-0.0113169459682995,0.0032808562011245,"[-0.017747424122503633, -0.004886467814095516]",-3.449387987324976,0.0005618587788226
A,A_full_s43,LogReg_v2agg,0.9394822904349288,0.956080868241999,-0.0165985778070703,0.0035034984385088,"[-0.02346543474654774, -0.009731720867592863]",-4.737715200505333,2.1614127931984767e-06
A,A_nophys_s43,LogReg_v2agg,0.94687827117297,0.956080868241999,-0.009202597069029,0.0031943845524366,"[-0.015463590791804833, -0.002941603346253246]",-2.880867008328548,0.0039658293846454
A,A_full_s44,LogReg_v2agg,0.9369366313218448,0.956080868241999,-0.0191442369201543,0.0034710949374813,"[-0.025947582997617735, -0.01234089084269091]",-5.515330829310478,3.4812446932829025e-08
A,A_nophys_s44,LogReg_v2agg,0.9433378322057884,0.956080868241999,-0.0127430360362107,0.0033530184011861,"[-0.019314952102535594, -0.006171119969885889]",-3.800467075188976,0.0001444236074114
B3,B3_nophys_s42,null_climatological_frequency,0.905093377741632,0.908355983224128,-0.0032626054824959,0.0003365773976922,"[-0.00392229718197269, -0.002602913783019122]",-9.69347765139952,3.2139472092257835e-22
B3,B3_nophys_s43,null_climatological_frequency,0.904303314574322,0.908355983224128,-0.0040526686498059,0.0003434753428646,"[-0.004725880321820672, -0.0033794569777911535]",-11.79900896525966,3.9493515044659476e-32
B3,B3_nophys_s44,null_climatological_frequency,0.903668966325184,0.908355983224128,-0.004687016898944,0.0003566962593064,"[-0.005386141567184702, -0.003987892230703336]",-13.140078642980574,1.9402499164525952e-39
B3,B3_diff_s42,null_climatological_frequency,0.8854173707622436,0.908355983224128,-0.0229386124618844,0.0005964302393567,"[-0.024107615731023633, -0.021769609192745256]",-38.459841483933744,0.0
B3,B3_diff_s43,null_climatological_frequency,0.891989736932197,0.908355983224128,-0.016366246291931,0.0005200168769865,"[-0.017385479370824648, -0.01534701321303748]",-31.47252909708012,2.064747278117085e-217
B3,B3_diff_s44,null_climatological_frequency,0.879161716048418,0.908355983224128,-0.02919426717571,0.0006594504912419,"[-0.030486790138544335, -0.02790174421287577]",-44.270597358608136,0.0
B3,B3_diffadv_s42,null_climatological_frequency,0.8946137717790393,0.908355983224128,-0.0137422114450886,0.0004698774787478,"[-0.014663171303434431, -0.012821251586742953]",-29.24637180251804,4.993579990220087e-188
B3,B3_diffadv_s43,null_climatological_frequency,0.8948200342275061,0.908355983224128,-0.0135359489966219,0.0004682416181737,"[-0.014453702568242504, -0.012618195425001328]",-28.908043350385384,9.459955062318662e-184
B3,B3_diffadv_s44,null_climatological_frequency,0.8929415890987705,0.908355983224128,-0.0154143941253575,0.0004845939603197,"[-0.016364198287584175, -0.014464589963130825]",-31.80888617593826,4.8780610864945315e-222
B3,B3_full_s42,null_climatological_frequency,0.8952036319473489,0.908355983224128,-0.0131523512767791,0.0004601674716186,"[-0.014054279521151724, -0.0122504230324066]",-28.5816623033248,1.1356947173987464e-179
B3,B3_full_s43,null_climatological_frequency,0.8952581081824844,0.908355983224128,-0.0130978750416436,0.000463134137516,"[-0.014005617951175008, -0.01219013213211222]",-28.28095357404017,5.92738132227946e-176
B3,B3_full_s44,null_climatological_frequency,0.8898373466601512,0.908355983224128,-0.0185186365639767,0.0005237772100746,"[-0.019545239895723196, -0.017492033232230378]",-35.35594181605523,8.125021992118971e-274
B3,B3orig_nophys_s42,null_climatological_frequency,0.9051291179819642,0.908355983224128,-0.0032268652421638,0.000337127785058,"[-0.0038876357008776584, -0.002566094783450077]",-9.57163836735727,1.0522477074984417e-21
B3,B3orig_nophys_s43,null_climatological_frequency,0.9047277945300106,0.908355983224128,-0.0036281886941174,0.0003394063929646,"[-0.004293425224328159, -0.0029629521639066543]",-10.689806583858548,1.1360764855618891e-26
B3,B3orig_nophys_s44,null_climatological_frequency,0.9035631536712848,0.908355983224128,-0.0047928295528433,0.0003566848725043,"[-0.0054919319029519105, -0.00409372720273474]",-13.437153976258044,3.662539170204967e-41
B3,B3orig_full_s42,null_climatological_frequency,0.8968202251980062,0.908355983224128,-0.0115357580261218,0.0004460907272662,"[-0.012410095851563673, -0.010661420200679995]",-25.859667823215798,1.8942689519567648e-147
B3,B3orig_full_s43,null_climatological_frequency,0.8962478680832141,0.908355983224128,-0.0121081151409139,0.0004479307451652,"[-0.012986059401437856, -0.011230170880389988]",-27.031221392151608,6.35084054753068e-161
B3,B3orig_full_s44,null_climatological_frequency,0.8891171912155551,0.908355983224128,-0.0192387920085729,0.000526448139883,"[-0.020270630362743777, -0.018206953654402072]",-36.54451512136672,2.17925827495412e-292
B3,B3_nophys_s42,null_seasonal_frequency,0.905093377741632,0.9298903329251148,-0.0247969551834825,0.001056043666759,"[-0.026866800770330355, -0.02272710959663479]",-23.480994170991785,6.379243220660533e-122
B3,B3_nophys_s43,null_seasonal_frequency,0.904303314574322,0.9298903329251148,-0.0255870183507925,0.0010582895102273,"[-0.027661265790838222, -0.023512770910746935]",-24.17771139515058,3.817847834430986e-129
B3,B3_nophys_s44,null_seasonal_frequency,0.903668966325184,0.9298903329251148,-0.0262213665999306,0.0010652987872474,"[-0.028309352222935756, -0.024133380976925613]",-24.614095983044667,8.924385588438069e-134
B3,B3_diff_s42,null_seasonal_frequency,0.8854173707622436,0.9298903329251148,-0.0444729621628711,0.0011624563343142,"[-0.04675137657812711, -0.04219454774761511]",-38.25774857092157,0.0
B3,B3_diff_s43,null_seasonal_frequency,0.891989736932197,0.9298903329251148,-0.0379005959929177,0.0011295591380364,"[-0.040114531903469156, -0.0356866600823663]",-33.55344108746878,8.020465965108742e-247
B3,B3_diff_s44,null_seasonal_frequency,0.879161716048418,0.9298903329251148,-0.0507286168766967,0.0011958142222693,"[-0.05307241275234467, -0.04838482100104877]",-42.4218209919148,0.0
B3,B3_diffadv_s42,null_seasonal_frequency,0.8946137717790393,0.9298903329251148,-0.0352765611460753,0.0011017528673641,"[-0.03743599676610906, -0.03311712552604166]",-32.018578930928626,6.012657345504415e-225
B3,B3_diffadv_s43,null_seasonal_frequency,0.8948200342275061,0.9298903329251148,-0.0350702986976085,0.0010994590552798,"[-0.037225238445957175, -0.03291535894925999]",-31.89777602830385,2.8665519324248287e-223
B3,B3_diffadv_s44,null_seasonal_frequency,0.8929415890987705,0.9298903329251148,-0.0369487438263441,0.0011119178947878,"[-0.03912810290012836, -0.03476938475255997]",-33.2297411522401,4.005241017351226e-242
B3,B3_full_s42,null_seasonal_frequency,0.8952036319473489,0.9298903329251148,-0.0346867009777658,0.0010992281018478,"[-0.03684118805738761, -0.03253221389814404]",-31.555507832683656,1.5067751777549583e-218
B3,B3_full_s43,null_seasonal_frequency,0.8952581081824844,0.9298903329251148,-0.0346322247426302,0.0010970300661886,"[-0.03678240367236012, -0.03248204581290044]",-31.569075278811376,9.814963628925856e-219
B3,B3_full_s44,null_seasonal_frequency,0.8898373466601512,0.9298903329251148,-0.0400529862649634,0.0011262135921202,"[-0.04226036490551911, -0.03784560762440779]",-35.564289531933994,4.996828190428391e-277
B3,B3orig_nophys_s42,null_seasonal_frequency,0.9051291179819642,0.9298903329251148,-0.0247612149431505,0.0010539370614111,"[-0.026826931583516376, -0.02269549830278469]",-23.49401672050237,4.695618390658325e-122
B3,B3orig_nophys_s43,null_seasonal_frequency,0.9047277945300106,0.9298903329251148,-0.025162538395104,0.0010577686048702,"[-0.02723576486064975, -0.023089311929558397]",-23.78832031811984,4.411873235989328e-125
B3,B3orig_nophys_s44,null_seasonal_frequency,0.9035631536712848,0.9298903329251148,-0.0263271792538299,0.0010621028646517,"[-0.028408900868547346, -0.024245457639112636]",-24.78778669188815,1.2141444311165367e-135
B3,B3orig_full_s42,null_seasonal_frequency,0.8968202251980062,0.9298903329251148,-0.0330701077271085,0.0010961169397768,"[-0.03521849692907104, -0.030921718525145962]",-30.170236885347595,5.822203951961438e-200
B3,B3orig_full_s43,null_seasonal_frequency,0.8962478680832141,0.9298903329251148,-0.0336424648419005,0.0010951674181059,"[-0.03578899298138823, -0.03149593670241294]",-30.719015454353265,3.172211195685105e-207
B3,B3orig_full_s44,null_seasonal_frequency,0.8891171912155551,0.9298903329251148,-0.0407731417095595,0.0011295921207157,"[-0.04298714226616249, -0.038559141152956694]",-36.09545513094032,2.67269298561525e-285
B3,B3_nophys_s42,RF_monthly_cdr7,0.905093377741632,0.9024639211119744,0.0026294566296578,0.000492811087445,"[0.0016635468982655623, 0.0035953663610501494]",5.335627985340449,9.521443982573172e-08
B3,B3_nophys_s43,RF_monthly_cdr7,0.904303314574322,0.9024639211119744,0.0018393934623478,0.0004960763829194,"[0.000867083751825764, 0.002811703172869934]",3.707883555195549,0.0002089987155827
B3,B3_nophys_s44,RF_monthly_cdr7,0.903668966325184,0.9024639211119744,0.0012050452132097,0.000512095757324,"[0.00020133752885468032, 0.0022087528975648064]",2.3531638291767583,0.0186144307968976
B3,B3_diff_s42,RF_monthly_cdr7,0.8854173707622436,0.9024639211119744,-0.0170465503497306,0.0006642928087099,"[-0.01834856425480224, -0.015744536444659125]",-25.661199588829174,3.1707620979550302e-145
B3,B3_diff_s43,RF_monthly_cdr7,0.891989736932197,0.9024639211119744,-0.0104741841797773,0.0006087774305045,"[-0.011667387943566284, -0.00928098041598832]",-17.205276764442175,2.424158179676312e-66
B3,B3_diff_s44,RF_monthly_cdr7,0.879161716048418,0.9024639211119744,-0.0233022050635562,0.0007165391765279,"[-0.024706621849551094, -0.02189778827756149]",-32.52048991440873,5.4739715193344585e-232
B3,B3_diffadv_s42,RF_monthly_cdr7,0.8946137717790393,0.9024639211119744,-0.0078501493329349,0.0005739133632062,"[-0.008975019524819128, -0.006725279141050733]",-13.678282884160955,1.3688713629719818e-42
B3,B3_diffadv_s43,RF_monthly_cdr7,0.8948200342275061,0.9024639211119744,-0.0076438868844681,0.0005715162147442,"[-0.008764058665366921, -0.006523715103569387]",-13.374750684700157,8.493801875380582e-41
B3,B3_diffadv_s44,RF_monthly_cdr7,0.8929415890987705,0.9024639211119744,-0.0095223320132037,0.0005838675255405,"[-0.010666712363263121, -0.008377951663144355]",-16.309062581257052,8.508853779377893e-60
B3,B3_full_s42,RF_monthly_cdr7,0.8952036319473489,0.9024639211119744,-0.0072602891646254,0.0005640155900062,"[-0.008365759721037735, -0.0061548186082130635]",-12.872497309062648,6.428936599618231e-38
B3,B3_full_s43,RF_monthly_cdr7,0.8952581081824844,0.9024639211119744,-0.0072058129294898,0.0005662057713062,"[-0.008315576241250155, -0.006096049617729549]",-12.726491488890211,4.213513282971195e-37
B3,B3_full_s44,RF_monthly_cdr7,0.8898373466601512,0.9024639211119744,-0.012626574451823,0.0006128631763087,"[-0.013827786277388173, -0.011425362626257877]",-20.60259930751982,2.601007447207699e-94
B3,B3orig_nophys_s42,RF_monthly_cdr7,0.9051291179819642,0.9024639211119744,0.0026651968699898,0.0004910685050909,"[0.0017027026000116853, 0.0036276911399681032]",5.427342300228405,5.719936635825337e-08
B3,B3orig_nophys_s43,RF_monthly_cdr7,0.9047277945300106,0.9024639211119744,0.0022638734180363,0.000495291798174,"[0.0012931014936151276, 0.0032346453424575827]",4.570787213481376,4.8589546972168725e-06
B3,B3orig_nophys_s44,RF_monthly_cdr7,0.9035631536712848,0.9024639211119744,0.0010992325593104,0.0005015446269418,"[0.0001162050905044907, 0.002082260028116383]",2.191694418127967,0.0284015790624958
B3,B3orig_full_s42,RF_monthly_cdr7,0.8968202251980062,0.9024639211119744,-0.005643695913968,0.0005547808937691,"[-0.006731066465755606, -0.004556325362180538]",-10.172837560473868,2.62158110734462e-24
B3,B3orig_full_s43,RF_monthly_cdr7,0.8962478680832141,0.9024639211119744,-0.0062160530287601,0.0005564836873937,"[-0.007306761056051896, -0.005125345001468424]",-11.170234042030351,5.703041276756295e-29
B3,B3orig_full_s44,RF_monthly_cdr7,0.8891171912155551,0.9024639211119744,-0.0133467298964191,0.0006134244812067,"[-0.014549041879584487, -0.012144417913253838]",-21.75773922514793,5.8355262786787765e-105
B3,B3_nophys_s42,RF_monthly_cdr7_month,0.905093377741632,0.9719702664127854,-0.0668768886711532,0.0005856291739373,"[-0.06802472185207048, -0.06572905549023605]",-114.1966480623231,0.0
B3,B3_nophys_s43,RF_monthly_cdr7_month,0.904303314574322,0.9719702664127854,-0.0676669518384632,0.0005877196378542,"[-0.06881888232865768, -0.06651502134826887]",-115.13474704624294,0.0
B3,B3_nophys_s44,RF_monthly_cdr7_month,0.903668966325184,0.9719702664127854,-0.0683013000876013,0.0005956475728264,"[-0.06946876933034128, -0.06713383084486148]",-114.6673019475195,0.0
B3,B3_diff_s42,RF_monthly_cdr7_month,0.8854173707622436,0.9719702664127854,-0.0865528956505418,0.0007619206954173,"[-0.0880462602135599, -0.08505953108752372]",-113.59829989015704,0.0
B3,B3_diff_s43,RF_monthly_cdr7_month,0.891989736932197,0.9719702664127854,-0.0799805294805884,0.000711626859361,"[-0.08137531812493605, -0.0785857408362408]",-112.391105575192,0.0
B3,B3_diff_s44,RF_monthly_cdr7_month,0.879161716048418,0.9719702664127854,-0.0928085503643674,0.0008022422476852,"[-0.09438094516983053, -0.0912361555589043]",-115.68644088758867,0.0
B3,B3_diffadv_s42,RF_monthly_cdr7_month,0.8946137717790393,0.9719702664127854,-0.077356494633746,0.0006608976773023,"[-0.07865185408125863, -0.07606113518623348]",-117.04761159019542,0.0
B3,B3_diffadv_s43,RF_monthly_cdr7_month,0.8948200342275061,0.9719702664127854,-0.0771502321852792,0.0006578182290995,"[-0.07843955591431444, -0.07586090845624412]",-117.28199185188734,0.0
B3,B3_diffadv_s44,RF_monthly_cdr7_month,0.8929415890987705,0.9719702664127854,-0.0790286773140148,0.0006704579800407,"[-0.08034277495489478, -0.07771457967313494]",-117.8726775825811,0.0
B3,B3_full_s42,RF_monthly_cdr7_month,0.8952036319473489,0.9719702664127854,-0.0767666344654365,0.0006552237093535,"[-0.07805087293576955, -0.0754823959951035]",-117.16095338059516,0.0
B3,B3_full_s43,RF_monthly_cdr7_month,0.8952581081824844,0.9719702664127854,-0.0767121582303009,0.000649601502362,"[-0.07798537717493062, -0.07543893928567133]",-118.0911034709164,0.0
B3,B3_full_s44,RF_monthly_cdr7_month,0.8898373466601512,0.9719702664127854,-0.0821329197526341,0.0006918066654909,"[-0.08348886081699643, -0.08077697868827187]",-118.72235965570847,0.0
B3,B3orig_nophys_s42,RF_monthly_cdr7_month,0.9051291179819642,0.9719702664127854,-0.0668411484308212,0.0005839760918724,"[-0.06798574157089121, -0.06569655529075125]",-114.45870706196986,0.0
B3,B3orig_nophys_s43,RF_monthly_cdr7_month,0.9047277945300106,0.9719702664127854,-0.0672424718827747,0.0005881064831749,"[-0.06839516058979765, -0.06608978317575188]",-114.3372396096727,0.0
B3,B3orig_nophys_s44,RF_monthly_cdr7_month,0.9035631536712848,0.9719702664127854,-0.0684071127415006,0.0005947922995689,"[-0.06957290564865574, -0.06724131983434563]",-115.01008468179622,0.0
B3,B3orig_full_s42,RF_monthly_cdr7_month,0.8968202251980062,0.9719702664127854,-0.0751500412147792,0.0006473563963352,"[-0.07641885975159621, -0.07388122267796218]",-116.08758581859362,0.0
B3,B3orig_full_s43,RF_monthly_cdr7_month,0.8962478680832141,0.9719702664127854,-0.0757223983295712,0.0006467436200132,"[-0.07699001582479725, -0.07445478083434531]",-117.0825594352518,0.0
B3,B3orig_full_s44,RF_monthly_cdr7_month,0.8891171912155551,0.9719702664127854,-0.0828530751972302,0.0006989184851843,"[-0.08422295542819164, -0.08148319496626893]",-118.5446900511934,0.0
